"area","subarea","division","subdivis","subunit","eez","ios","country","sovereign"
"18",NA,NA,NA,NA,162,"GRL","Greenland","Denmark"
"18",NA,NA,NA,NA,188,"CAN","Canada","Canada"
"18",NA,NA,NA,NA,207,"RUS","Russia","Russia"
"18",NA,NA,NA,NA,211,"USA","Alaska","United States"
"18",NA,NA,NA,NA,207,"RUS","Russia","Russia"
"61",NA,NA,NA,NA,128,"USA","Hawaii","United States"
"61",NA,NA,NA,NA,207,"RUS","Russia","Russia"
"61",NA,NA,NA,NA,211,"USA","Alaska","United States"
"67",NA,NA,NA,NA,185,"USA","United States","United States"
"67",NA,NA,NA,NA,188,"CAN","Canada","Canada"
"67",NA,NA,NA,NA,207,"RUS","Russia","Russia"
"67",NA,NA,NA,NA,211,"USA","Alaska","United States"
"61",NA,NA,NA,NA,11,"UMI","Wake Island","United States"
"61",NA,NA,NA,NA,12,"MNP","Northern Mariana Islands and Guam","United States"
"61",NA,NA,NA,NA,13,"TWN","Taiwan","Taiwan"
"61",NA,NA,NA,NA,14,"PHL","Philippines","Philippines"
"61",NA,NA,NA,NA,16,"-","Paracel Islands","Disputed"
"61",NA,NA,NA,NA,128,"USA","Hawaii","United States"
"61",NA,NA,NA,NA,161,"-","Japan - South Korea Conflict Zone","Disputed"
"61",NA,NA,NA,NA,189,"JPN","Japan","Japan"
"61",NA,NA,NA,NA,201,"-","Conflict Zone","Disputed"
"61",NA,NA,NA,NA,203,"VNM","Vietnam","Vietnam"
"61",NA,NA,NA,NA,204,"CHN","China","China"
"61",NA,NA,NA,NA,207,"RUS","Russia","Russia"
"61",NA,NA,NA,NA,208,"-","Southern Kuriles","Disputed"
"61",NA,NA,NA,NA,211,"USA","Alaska","United States"
"61",NA,NA,NA,NA,213,"KOR","South Korea","South Korea"
"61",NA,NA,NA,NA,222,"PRK","North Korea","North Korea"
"61",NA,NA,NA,NA,223,"-","Japan - Korea","Joint Regime"
"37","37.4","37.4.2",NA,NA,54,"BGR","Bulgaria","Bulgaria"
"37","37.4","37.4.2",NA,NA,55,"ROU","Romania","Romania"
"37","37.4","37.4.2",NA,NA,56,"GEO","Georgia","Georgia"
"37","37.4","37.4.2",NA,NA,57,"UKR","Ukraine","Ukraine"
"37","37.4","37.4.2",NA,NA,58,"TUR","Turkey","Turkey"
"37","37.4","37.4.2",NA,NA,207,"RUS","Russia","Russia"
"37","37.4","37.4.3",NA,NA,57,"UKR","Ukraine","Ukraine"
"37","37.4","37.4.3",NA,NA,207,"RUS","Russia","Russia"
"37","37.1","37.1.2",NA,NA,138,"ITA","Italy","Italy"
"37","37.1","37.1.2",NA,NA,219,"FRA","France","France"
"37","37.1","37.1.2",NA,NA,225,"ESP","Spain","Spain"
"37","37.1","37.1.2",NA,NA,229,"MCO","Monaco","Monaco"
"37","37.1","37.1.3",NA,NA,46,"TUN","Tunisia","Tunisia"
"37","37.1","37.1.3",NA,NA,64,"DZA","Algeria","Algeria"
"37","37.1","37.1.3",NA,NA,138,"ITA","Italy","Italy"
"37","37.1","37.1.3",NA,NA,219,"FRA","France","France"
"37","37.1","37.1.3",NA,NA,229,"MCO","Monaco","Monaco"
"27","27.XII","27.XII.b",NA,NA,163,"ISL","Iceland","Iceland"
"37","37.2","37.2.1",NA,NA,63,"ALB","Albania","Albania"
"37","37.2","37.2.1",NA,NA,138,"ITA","Italy","Italy"
"37","37.2","37.2.1",NA,NA,139,"HRV","Croatia","Croatia"
"37","37.2","37.2.1",NA,NA,140,"SVN","Slovenia","Slovenia"
"37","37.2","37.2.1",NA,NA,178,"BIH","Bosnia and Herzegovina","Bosnia and Herzegovina"
"37","37.2","37.2.1",NA,NA,232,"MNE","Montenegro","Montenegro"
"37","37.2","37.2.2",NA,NA,46,"TUN","Tunisia","Tunisia"
"37","37.2","37.2.2",NA,NA,50,"LBY","Libya","Libya"
"37","37.2","37.2.2",NA,NA,51,"MLT","Malta","Malta"
"37","37.2","37.2.2",NA,NA,61,"GRC","Greece","Greece"
"37","37.2","37.2.2",NA,NA,63,"ALB","Albania","Albania"
"37","37.2","37.2.2",NA,NA,138,"ITA","Italy","Italy"
"37","37.2","37.2.2",NA,NA,139,"HRV","Croatia","Croatia"
"37","37.2","37.2.2",NA,NA,232,"MNE","Montenegro","Montenegro"
"37","37.3","37.3.1",NA,NA,58,"TUR","Turkey","Turkey"
"37","37.3","37.3.1",NA,NA,61,"GRC","Greece","Greece"
"37","37.4","37.4.1",NA,NA,58,"TUR","Turkey","Turkey"
"37","37.3","37.3.2",NA,NA,50,"LBY","Libya","Libya"
"37","37.3","37.3.2",NA,NA,58,"TUR","Turkey","Turkey"
"37","37.3","37.3.2",NA,NA,59,"SYR","Syria","Syria"
"37","37.3","37.3.2",NA,NA,60,"LBN","Lebanon","Lebanon"
"37","37.3","37.3.2",NA,NA,61,"GRC","Greece","Greece"
"37","37.3","37.3.2",NA,NA,62,"CYP","Cyprus","Cyprus"
"37","37.3","37.3.2",NA,NA,193,"EGY","Egypt","Egypt"
"37","37.3","37.3.2",NA,NA,195,"ISR","Israel","Israel"
"34","34.2",NA,NA,NA,40,"PRT","Azores","Portugal"
"34","34.2",NA,NA,NA,41,"CPV","Cape Verde","Cape Verde"
"34","34.2",NA,NA,NA,42,"PRT","Madeira","Portugal"
"34","34.2",NA,NA,NA,43,"ESP","Canary Islands","Spain"
"34","34.2",NA,NA,NA,47,"ESH","Western Sahara","Morocco"
"34","34.2",NA,NA,NA,245,"-","Western Sahara/Mauritania","Disputed"
"34","34.1","34.1.2",NA,NA,42,"PRT","Madeira","Portugal"
"34","34.1","34.1.2",NA,NA,43,"ESP","Canary Islands","Spain"
"34","34.1","34.1.2",NA,NA,47,"ESH","Western Sahara","Morocco"
"34","34.1","34.1.1","34.1.11",NA,42,"PRT","Madeira","Portugal"
"34","34.1","34.1.1","34.1.11",NA,175,"PRT","Portugal","Portugal"
"34","34.1","34.1.1","34.1.11",NA,225,"ESP","Spain","Spain"
"34","34.1","34.1.1","34.1.11",NA,230,"MAR","Morocco","Morocco"
"31","_31.5",NA,NA,NA,87,"BMU","Bermuda","United Kingdom"
"31","_31.5",NA,NA,NA,171,"BHS","Bahamas","Bahamas"
"31","_31.5",NA,NA,NA,185,"USA","United States","United States"
"34","34.1","34.1.1","34.1.12",NA,42,"PRT","Madeira","Portugal"
"34","34.1","34.1.1","34.1.12",NA,43,"ESP","Canary Islands","Spain"
"34","34.1","34.1.1","34.1.12",NA,230,"MAR","Morocco","Morocco"
"51","51.2",NA,NA,NA,38,"KWT","Kuwait","Kuwait"
"51","51.2",NA,NA,NA,142,"IRQ","Iraq","Iraq"
"51","51.2",NA,NA,NA,169,"BHR","Bahrain","Bahrain"
"51","51.2",NA,NA,NA,186,"SAU","Saudi Arabia","Saudi Arabia"
"51","51.2",NA,NA,NA,187,"OMN","Oman","Oman"
"51","51.2",NA,NA,NA,192,"ARE","United Arab Emirates","United Arab Emirates"
"51","51.2",NA,NA,NA,228,"IRN","Iran","Iran"
"51","51.2",NA,NA,NA,233,"QAT","Qatar","Qatar"
"57","57.1",NA,NA,NA,19,"IND","Andaman and Nicobar","India"
"57","57.1",NA,NA,NA,30,"LKA","Sri Lanka","Sri Lanka"
"57","57.1",NA,NA,NA,153,"BGD","Bangladesh","Bangladesh"
"57","57.1",NA,NA,NA,154,"MMR","Myanmar","Myanmar"
"57","57.1",NA,NA,NA,166,"MDV","Maldives","Maldives"
"57","57.1",NA,NA,NA,172,"IDN","Indonesia","Indonesia"
"57","57.1",NA,NA,NA,196,"THA","Thailand","Thailand"
"57","57.1",NA,NA,NA,200,"IND","India","India"
"57","57.1",NA,NA,NA,220,"MYS","Malaysia","Malaysia"
"34","34.1","34.1.1","34.1.13",NA,43,"ESP","Canary Islands","Spain"
"34","34.1","34.1.1","34.1.13",NA,47,"ESH","Western Sahara","Morocco"
"34","34.1","34.1.1","34.1.13",NA,230,"MAR","Morocco","Morocco"
"31","_31.2","_31.2.5",NA,NA,90,"CUB","Cuba","Cuba"
"31","_31.2","_31.2.5",NA,NA,185,"USA","United States","United States"
"31","_31.2","_31.2.5",NA,NA,215,"MEX","Mexico","Mexico"
"31","_31.4","_31.4.2",NA,NA,89,"TCA","Turks and Caicos Islands","United Kingdom"
"31","_31.4","_31.4.2",NA,NA,90,"CUB","Cuba","Cuba"
"31","_31.4","_31.4.2",NA,NA,91,"CYM","Cayman Islands","United Kingdom"
"31","_31.4","_31.4.2",NA,NA,92,"DOM","Dominican Republic","Dominican Republic"
"31","_31.4","_31.4.2",NA,NA,93,"PRI","Puerto Rico","United States"
"31","_31.4","_31.4.2",NA,NA,94,"VGB","British Virgin Islands","United Kingdom"
"31","_31.4","_31.4.2",NA,NA,95,"AIA","Anguilla","United Kingdom"
"31","_31.4","_31.4.2",NA,NA,96,"KNA","Saint Kitts and Nevis","Saint Kitts and Nevis"
"31","_31.4","_31.4.2",NA,NA,97,"ATG","Antigua and Barbuda","Antigua and Barbuda"
"31","_31.4","_31.4.2",NA,NA,98,"MSR","Montserrat","United Kingdom"
"31","_31.4","_31.4.2",NA,NA,100,"DMA","Dominica","Dominica"
"31","_31.4","_31.4.2",NA,NA,101,"BRB","Barbados","Barbados"
"31","_31.4","_31.4.2",NA,NA,105,"CUW","Curaçao","Netherlands"
"31","_31.4","_31.4.2",NA,NA,110,"VEN","Venezuela","Venezuela"
"31","_31.4","_31.4.2",NA,NA,111,"GLP","Guadeloupe","France"
"31","_31.4","_31.4.2",NA,NA,129,"-","Colombia - Jamaica","Joint Regime"
"31","_31.4","_31.4.2",NA,NA,130,"JAM","Jamaica","Jamaica"
"31","_31.4","_31.4.2",NA,NA,158,"BES","Saba","Netherlands"
"31","_31.4","_31.4.2",NA,NA,159,"MAF","Northern Saint-Martin","France"
"31","_31.4","_31.4.2",NA,NA,171,"BHS","Bahamas","Bahamas"
"31","_31.4","_31.4.2",NA,NA,185,"USA","United States","United States"
"31","_31.4","_31.4.2",NA,NA,199,"COL","Colombia","Colombia"
"31","_31.4","_31.4.2",NA,NA,215,"MEX","Mexico","Mexico"
"31","_31.4","_31.4.2",NA,NA,217,"NIC","Nicaragua","Nicaragua"
"31","_31.4","_31.4.2",NA,NA,218,"HND","Honduras","Honduras"
"31","_31.4","_31.4.2",NA,NA,234,"ABW","Aruba","Netherlands"
"31","_31.4","_31.4.2",NA,NA,237,"SXM","Sint-Maarten","Netherlands"
"31","_31.4","_31.4.2",NA,NA,238,"BES","Sint-Eustasius","Netherlands"
"31","_31.4","_31.4.2",NA,NA,241,"HTI","Haiti","Haiti"
"31","_31.4","_31.4.2",NA,NA,246,"MTQ","Martinique","France"
"31","_31.4","_31.4.2",NA,NA,247,"VIR","Virgin Islands of the United States","United States"
"34","34.1","34.1.3","34.1.31",NA,43,"ESP","Canary Islands","Spain"
"34","34.1","34.1.3","34.1.31",NA,47,"ESH","Western Sahara","Morocco"
"31","_31.3","_31.3.2",NA,NA,215,"MEX","Mexico","Mexico"
"31","_31.3","_31.3.3",NA,NA,90,"CUB","Cuba","Cuba"
"31","_31.3","_31.3.3",NA,NA,215,"MEX","Mexico","Mexico"
"31","_31.4","_31.4.1",NA,NA,90,"CUB","Cuba","Cuba"
"31","_31.4","_31.4.1",NA,NA,91,"CYM","Cayman Islands","United Kingdom"
"34","34.1","34.1.3","34.1.32",NA,47,"ESH","Western Sahara","Morocco"
"34","34.1","34.1.3","34.1.32",NA,48,"MRT","Mauritania","Mauritania"
"34","34.1","34.1.3","34.1.32",NA,245,"-","Western Sahara/Mauritania","Disputed"
"34","34.4","34.4.2",NA,NA,134,"BRA","Brazil","Brazil"
"34","34.3","34.3.2",NA,NA,41,"CPV","Cape Verde","Cape Verde"
"34","34.3","34.3.2",NA,NA,48,"MRT","Mauritania","Mauritania"
"34","34.3","34.3.2",NA,NA,49,"GMB","Gambia","Gambia"
"34","34.3","34.3.2",NA,NA,239,"SEN","Senegal","Senegal"
"34","34.3","34.3.2",NA,NA,245,"-","Western Sahara/Mauritania","Disputed"
"71","_71.3",NA,NA,NA,13,"TWN","Taiwan","Taiwan"
"71","_71.3",NA,NA,NA,14,"PHL","Philippines","Philippines"
"71","_71.3",NA,NA,NA,16,"-","Paracel Islands","Disputed"
"71","_71.3",NA,NA,NA,17,"-","Spratly Islands","Disputed"
"71","_71.3",NA,NA,NA,172,"IDN","Indonesia","Indonesia"
"71","_71.3",NA,NA,NA,220,"MYS","Malaysia","Malaysia"
"71","_71.3",NA,NA,NA,221,"PLW","Palau","Palau"
"71","_71.3",NA,NA,NA,236,"BRN","Brunei","Brunei"
"71","_71.6","71.6.1",NA,NA,8,"FSM","Micronesia","Micronesia"
"71","_71.6","71.6.1",NA,NA,10,"MHL","Marshall Islands","Marshall Islands"
"71","_71.6","71.6.1",NA,NA,12,"MNP","Northern Mariana Islands and Guam","United States"
"71","_71.6","71.6.1",NA,NA,189,"JPN","Japan","Japan"
"71","_71.6","71.6.1",NA,NA,221,"PLW","Palau","Palau"
"71","_71.6","71.6.2",NA,NA,8,"FSM","Micronesia","Micronesia"
"71","_71.6","71.6.2",NA,NA,10,"MHL","Marshall Islands","Marshall Islands"
"71","_71.6","71.6.2",NA,NA,11,"UMI","Wake Island","United States"
"71","_71.6","71.6.2",NA,NA,212,"KIR","Kiribati","Kiribati"
"34","34.3","34.3.1","34.3.11",NA,41,"CPV","Cape Verde","Cape Verde"
"34","34.3","34.3.1","34.3.11",NA,48,"MRT","Mauritania","Mauritania"
"34","34.3","34.3.1","34.3.11",NA,239,"SEN","Senegal","Senegal"
"34","34.3","34.3.1","34.3.12",NA,41,"CPV","Cape Verde","Cape Verde"
"34","34.3","34.3.1","34.3.12",NA,49,"GMB","Gambia","Gambia"
"34","34.3","34.3.1","34.3.12",NA,143,"GNB","Guinea Bissau","Guinea Bissau"
"34","34.3","34.3.1","34.3.12",NA,239,"SEN","Senegal","Senegal"
"31","_31.7","_31.7.3",NA,NA,106,"PAN","Panama","Panama"
"31","_31.7","_31.7.3",NA,NA,199,"COL","Colombia","Colombia"
"31","_31.7","_31.7.3",NA,NA,217,"NIC","Nicaragua","Nicaragua"
"31","_31.7","_31.7.3",NA,NA,218,"HND","Honduras","Honduras"
"31","_31.7","_31.7.3",NA,NA,224,"CRI","Costa Rica","Costa Rica"
"31","_31.7","_31.7.3",NA,NA,243,"COL","Colombia","Colombia"
"31","_31.7","_31.7.3",NA,NA,244,"COL","Colombia","Colombia"
"31","_31.8","_31.8.2",NA,NA,106,"PAN","Panama","Panama"
"31","_31.8","_31.8.2",NA,NA,129,"-","Colombia - Jamaica","Joint Regime"
"31","_31.8","_31.8.2",NA,NA,130,"JAM","Jamaica","Jamaica"
"31","_31.8","_31.8.2",NA,NA,199,"COL","Colombia","Colombia"
"31","_31.8","_31.8.2",NA,NA,217,"NIC","Nicaragua","Nicaragua"
"31","_31.8","_31.8.2",NA,NA,244,"COL","Colombia","Colombia"
"31","_31.10","_31.10.1",NA,NA,105,"CUW","Curaçao","Netherlands"
"31","_31.10","_31.10.1",NA,NA,110,"VEN","Venezuela","Venezuela"
"31","_31.10","_31.10.1",NA,NA,199,"COL","Colombia","Colombia"
"31","_31.10","_31.10.1",NA,NA,234,"ABW","Aruba","Netherlands"
"31","_31.10","_31.10.1",NA,NA,235,"BES","Bonaire","Netherlands"
"31","_31.10","_31.10.3",NA,NA,93,"PRI","Puerto Rico","United States"
"31","_31.10","_31.10.3",NA,NA,99,"LCA","Saint Lucia","Saint Lucia"
"31","_31.10","_31.10.3",NA,NA,100,"DMA","Dominica","Dominica"
"31","_31.10","_31.10.3",NA,NA,102,"GRD","Grenada","Grenada"
"31","_31.10","_31.10.3",NA,NA,104,"VCT","Saint Vincent and the Grenadines","Saint Vincent and the Grenadines"
"31","_31.10","_31.10.3",NA,NA,110,"VEN","Venezuela","Venezuela"
"31","_31.10","_31.10.3",NA,NA,235,"BES","Bonaire","Netherlands"
"31","_31.10","_31.10.3",NA,NA,246,"MTQ","Martinique","France"
"31","_31.10","_31.10.4",NA,NA,99,"LCA","Saint Lucia","Saint Lucia"
"31","_31.10","_31.10.4",NA,NA,101,"BRB","Barbados","Barbados"
"31","_31.10","_31.10.4",NA,NA,102,"GRD","Grenada","Grenada"
"31","_31.10","_31.10.4",NA,NA,103,"TTO","Trinidad and Tobago","Trinidad and Tobago"
"31","_31.10","_31.10.4",NA,NA,104,"VCT","Saint Vincent and the Grenadines","Saint Vincent and the Grenadines"
"31","_31.10","_31.10.4",NA,NA,110,"VEN","Venezuela","Venezuela"
"31","_31.10","_31.10.4",NA,NA,131,"GUY","Guyana","Guyana"
"31","_31.10","_31.10.4",NA,NA,246,"MTQ","Martinique","France"
"31","_31.11",NA,NA,NA,101,"BRB","Barbados","Barbados"
"31","_31.11",NA,NA,NA,103,"TTO","Trinidad and Tobago","Trinidad and Tobago"
"31","_31.11",NA,NA,NA,110,"VEN","Venezuela","Venezuela"
"31","_31.11",NA,NA,NA,131,"GUY","Guyana","Guyana"
"31","_31.11",NA,NA,NA,132,"SUR","Suriname","Suriname"
"31","_31.11",NA,NA,NA,133,"GUF","French Guiana","France"
"31","_31.11",NA,NA,NA,134,"BRA","Brazil","Brazil"
"31","_31.11",NA,NA,NA,246,"MTQ","Martinique","France"
"31","_31.11",NA,NA,NA,249,"-","Trinidad and Tobago/Venezuela/Guyana","Disputed"
"71","_71.2",NA,NA,NA,16,"-","Paracel Islands","Disputed"
"71","_71.2",NA,NA,NA,17,"-","Spratly Islands","Disputed"
"71","_71.2",NA,NA,NA,18,"KHM","Cambodia","Cambodia"
"71","_71.2",NA,NA,NA,172,"IDN","Indonesia","Indonesia"
"71","_71.2",NA,NA,NA,196,"THA","Thailand","Thailand"
"71","_71.2",NA,NA,NA,203,"VNM","Vietnam","Vietnam"
"71","_71.2",NA,NA,NA,220,"MYS","Malaysia","Malaysia"
"71","_71.2",NA,NA,NA,236,"BRN","Brunei","Brunei"
"34","34.3","34.3.1","34.3.13",NA,76,"SLE","Sierra Leone","Sierra Leone"
"34","34.3","34.3.1","34.3.13",NA,143,"GNB","Guinea Bissau","Guinea Bissau"
"34","34.3","34.3.1","34.3.13",NA,144,"GIN","Guinea","Guinea"
"34","34.3","34.3.1","34.3.13",NA,239,"SEN","Senegal","Senegal"
"31","_31.10","_31.10.2",NA,NA,110,"VEN","Venezuela","Venezuela"
"31","_31.8","_31.8.1",NA,NA,106,"PAN","Panama","Panama"
"31","_31.8","_31.8.1",NA,NA,217,"NIC","Nicaragua","Nicaragua"
"31","_31.8","_31.8.1",NA,NA,224,"CRI","Costa Rica","Costa Rica"
"51","51.5",NA,NA,NA,20,"COM","Comoro Islands","Comoro Islands"
"51","51.5",NA,NA,NA,23,"SYC","Seychelles","Seychelles"
"51","51.5",NA,NA,NA,29,"MUS","Mauritius","Mauritius"
"51","51.5",NA,NA,NA,31,"MOZ","Mozambique","Mozambique"
"51","51.5",NA,NA,NA,33,"KEN","Kenya","Kenya"
"51","51.5",NA,NA,NA,34,"SOM","Somalia","Somalia"
"51","51.5",NA,NA,NA,37,"YEM","Yemen","Yemen"
"51","51.5",NA,NA,NA,152,"TZA","Tanzania","Tanzania"
"51","51.5",NA,NA,NA,248,"-","Kenya/Somalia","Disputed"
"34","34.3","34.3.3",NA,NA,76,"SLE","Sierra Leone","Sierra Leone"
"34","34.3","34.3.3",NA,NA,77,"LBR","Liberia","Liberia"
"34","34.3","34.3.3",NA,NA,143,"GNB","Guinea Bissau","Guinea Bissau"
"34","34.3","34.3.3",NA,NA,144,"GIN","Guinea","Guinea"
"87","87.1","87.1.1","87.1.11",NA,108,"ECU","Ecuador","Ecuador"
"87","87.1","87.1.1","87.1.11",NA,199,"COL","Colombia","Colombia"
"34","34.3","34.3.4",NA,NA,77,"LBR","Liberia","Liberia"
"34","34.3","34.3.4",NA,NA,78,"TGO","Togo","Togo"
"34","34.3","34.3.4",NA,NA,79,"BEN","Benin","Benin"
"34","34.3","34.3.4",NA,NA,85,"GHA","Ghana","Ghana"
"34","34.3","34.3.4",NA,NA,145,"CIV","Ivory Coast","Ivory Coast"
"34","34.3","34.3.4",NA,NA,146,"NGA","Nigeria","Nigeria"
"34","34.3","34.3.4",NA,NA,231,"GNQ","Equatorial Guinea","Equatorial Guinea"
"34","34.3","34.3.5",NA,NA,83,"STP","Sao Tome and Principe","Sao Tome and Principe"
"34","34.3","34.3.5",NA,NA,146,"NGA","Nigeria","Nigeria"
"34","34.3","34.3.5",NA,NA,147,"CMR","Cameroon","Cameroon"
"34","34.3","34.3.5",NA,NA,148,"GAB","Gabon","Gabon"
"34","34.3","34.3.5",NA,NA,151,"-","Nigeria - Sao Tome and Principe","Joint Regime"
"34","34.3","34.3.5",NA,NA,231,"GNQ","Equatorial Guinea","Equatorial Guinea"
"87","87.1","87.1.2","87.1.21",NA,199,"COL","Colombia","Colombia"
"71","_71.7",NA,NA,NA,123,"TON","Tonga","Tonga"
"71","_71.7",NA,NA,NA,124,"TKL","Tokelau","New Zealand"
"71","_71.7",NA,NA,NA,125,"KIR","Phoenix Group","Kiribati"
"71","_71.7",NA,NA,NA,126,"UMI","Howland Island and Baker Island","United States"
"71","_71.7",NA,NA,NA,190,"FJI","Fiji","Fiji"
"71","_71.7",NA,NA,NA,209,"TUV","Tuvalu","Tuvalu"
"71","_71.7",NA,NA,NA,210,"WLF","Wallis and Futuna","France"
"71","_71.7",NA,NA,NA,212,"KIR","Kiribati","Kiribati"
"87","87.1","87.1.4",NA,NA,88,"ECU","Galapagos Islands","Ecuador"
"87","87.1","87.1.4",NA,NA,108,"ECU","Ecuador","Ecuador"
"87","87.1","87.1.4",NA,NA,109,"PER","Peru","Peru"
"87","87.1","87.1.4",NA,NA,199,"COL","Colombia","Colombia"
"41","41.1","41.1.1",NA,NA,133,"GUF","French Guiana","France"
"41","41.1","41.1.1",NA,NA,134,"BRA","Brazil","Brazil"
"57","57.2",NA,NA,NA,1,"CCK","Cocos Islands","Australia"
"57","57.2",NA,NA,NA,2,"CXR","Christmas Island","Australia"
"57","57.2",NA,NA,NA,19,"IND","Andaman and Nicobar","India"
"57","57.2",NA,NA,NA,30,"LKA","Sri Lanka","Sri Lanka"
"57","57.2",NA,NA,NA,172,"IDN","Indonesia","Indonesia"
"71","_71.4",NA,NA,NA,8,"FSM","Micronesia","Micronesia"
"71","_71.4",NA,NA,NA,14,"PHL","Philippines","Philippines"
"71","_71.4",NA,NA,NA,15,"PNG","Papua New Guinea","Papua New Guinea"
"71","_71.4",NA,NA,NA,172,"IDN","Indonesia","Indonesia"
"71","_71.4",NA,NA,NA,173,"TLS","East Timor","East Timor"
"71","_71.4",NA,NA,NA,197,"-","Australia/Indonesia","Australia/Indonesia"
"71","_71.4",NA,NA,NA,198,"AUS","Australia","Australia"
"71","_71.4",NA,NA,NA,220,"MYS","Malaysia","Malaysia"
"71","_71.4",NA,NA,NA,221,"PLW","Palau","Palau"
"71","_71.7",NA,NA,NA,5,"NCL","New Caledonia","France"
"71","_71.7",NA,NA,NA,6,"VUT","Vanuatu","Vanuatu"
"71","_71.7",NA,NA,NA,7,"SLB","Solomon Islands","Solomon Islands"
"71","_71.7",NA,NA,NA,8,"FSM","Micronesia","Micronesia"
"71","_71.7",NA,NA,NA,9,"NRU","Nauru","Nauru"
"71","_71.7",NA,NA,NA,10,"MHL","Marshall Islands","Marshall Islands"
"71","_71.7",NA,NA,NA,15,"PNG","Papua New Guinea","Papua New Guinea"
"71","_71.7",NA,NA,NA,172,"IDN","Indonesia","Indonesia"
"71","_71.7",NA,NA,NA,190,"FJI","Fiji","Fiji"
"71","_71.7",NA,NA,NA,198,"AUS","Australia","Australia"
"71","_71.7",NA,NA,NA,209,"TUV","Tuvalu","Tuvalu"
"71","_71.7",NA,NA,NA,210,"WLF","Wallis and Futuna","France"
"71","_71.7",NA,NA,NA,212,"KIR","Kiribati","Kiribati"
"87","87.1","87.1.3",NA,NA,88,"ECU","Galapagos Islands","Ecuador"
"71","_71.1",NA,NA,NA,155,"SGP","Singapore","Singapore"
"71","_71.1",NA,NA,NA,172,"IDN","Indonesia","Indonesia"
"71","_71.1",NA,NA,NA,220,"MYS","Malaysia","Malaysia"
"87","87.1","87.1.1","87.1.12",NA,108,"ECU","Ecuador","Ecuador"
"87","87.1","87.1.1","87.1.12",NA,109,"PER","Peru","Peru"
"41","41.1","41.1.2",NA,NA,134,"BRA","Brazil","Brazil"
"87","87.1","87.1.1","87.1.13",NA,109,"PER","Peru","Peru"
"87","87.1","87.1.1","87.1.14",NA,109,"PER","Peru","Peru"
"41","41.1","41.1.3",NA,NA,134,"BRA","Brazil","Brazil"
"51","51.6",NA,NA,NA,20,"COM","Comoro Islands","Comoro Islands"
"51","51.6",NA,NA,NA,21,"MYT","Mayotte","France"
"51","51.6",NA,NA,NA,22,"ATF","Glorioso Islands","France"
"51","51.6",NA,NA,NA,23,"SYC","Seychelles","Seychelles"
"51","51.6",NA,NA,NA,24,"REU","Réunion","France"
"51","51.6",NA,NA,NA,25,"ATF","Juan de Nova Island","France"
"51","51.6",NA,NA,NA,26,"ATF","Bassas da India","France"
"51","51.6",NA,NA,NA,27,"ATF","Ile Europa","France"
"51","51.6",NA,NA,NA,28,"ATF","Ile Tromelin","France"
"51","51.6",NA,NA,NA,29,"MUS","Mauritius","Mauritius"
"51","51.6",NA,NA,NA,31,"MOZ","Mozambique","Mozambique"
"51","51.6",NA,NA,NA,32,"MDG","Madagascar","Madagascar"
"51","51.6",NA,NA,NA,152,"TZA","Tanzania","Tanzania"
"51","51.7",NA,NA,NA,24,"REU","Réunion","France"
"51","51.7",NA,NA,NA,28,"ATF","Ile Tromelin","France"
"51","51.7",NA,NA,NA,29,"MUS","Mauritius","Mauritius"
"51","51.7",NA,NA,NA,70,"ZAF","Prince Edward Islands","South Africa"
"51","51.7",NA,NA,NA,71,"ATF","Crozet Islands","France"
"51","51.7",NA,NA,NA,72,"ATF","Amsterdam Island and Saint Paul Island","France"
"51","51.7",NA,NA,NA,167,"IOT","British Indian Ocean Territory","United Kingdom"
"71","_71.5",NA,NA,NA,15,"PNG","Papua New Guinea","Papua New Guinea"
"71","_71.5",NA,NA,NA,172,"IDN","Indonesia","Indonesia"
"71","_71.5",NA,NA,NA,198,"AUS","Australia","Australia"
"51","51.8",NA,NA,NA,26,"ATF","Bassas da India","France"
"51","51.8",NA,NA,NA,27,"ATF","Ile Europa","France"
"51","51.8",NA,NA,NA,31,"MOZ","Mozambique","Mozambique"
"51","51.8",NA,NA,NA,70,"ZAF","Prince Edward Islands","South Africa"
"51","51.8",NA,NA,NA,82,"ZAF","South Africa","South Africa"
"57","57.5","57.5.1",NA,NA,172,"IDN","Indonesia","Indonesia"
"57","57.5","57.5.1",NA,NA,173,"TLS","East Timor","East Timor"
"57","57.5","57.5.1",NA,NA,174,"TLS","Oecussi Ambeno","East Timor"
"57","57.5","57.5.1",NA,NA,176,"-","Australia - East Timor","Joint Development"
"57","57.5","57.5.1",NA,NA,197,"-","Australia/Indonesia","Australia/Indonesia"
"57","57.5","57.5.1",NA,NA,198,"AUS","Australia","Australia"
"87","87.1","87.1.1","87.1.15",NA,109,"PER","Peru","Peru"
"57","57.3",NA,NA,NA,1,"CCK","Cocos Islands","Australia"
"57","57.3",NA,NA,NA,198,"AUS","Australia","Australia"
"87","87.2","87.2.6",NA,NA,109,"PER","Peru","Peru"
"87","87.2","87.2.6",NA,NA,160,"CHL","Easter Island","Chile"
"87","87.2","87.2.6",NA,NA,240,"CHL","Chile","Chile"
"87","87.2","87.2.2","87.2.21",NA,109,"PER","Peru","Peru"
"87","87.2","87.2.2","87.2.21",NA,240,"CHL","Chile","Chile"
"87","87.2","87.2.1","87.2.11",NA,109,"PER","Peru","Peru"
"87","87.2","87.2.1","87.2.11",NA,240,"CHL","Chile","Chile"
"41","41.2","41.2.1",NA,NA,134,"BRA","Brazil","Brazil"
"41","41.1","41.1.4",NA,NA,67,"BRA","Trindade","Brazil"
"41","41.1","41.1.4",NA,NA,134,"BRA","Brazil","Brazil"
"34","34.4","34.4.1",NA,NA,65,"ASC","Ascension","United Kingdom"
"34","34.4","34.4.1",NA,NA,231,"GNQ","Equatorial Guinea","Equatorial Guinea"
"87","87.2","87.2.1","87.2.12",NA,240,"CHL","Chile","Chile"
"57","57.5","57.5.2",NA,NA,198,"AUS","Australia","Australia"
"81","_81.3",NA,NA,NA,123,"TON","Tonga","Tonga"
"81","_81.3",NA,NA,NA,191,"NZL","New Zealand","New Zealand"
"81","_81.7",NA,NA,NA,114,"PCN","Pitcairn","United Kingdom"
"81","_81.7",NA,NA,NA,115,"PYF","French Polynesia","France"
"81","_81.7",NA,NA,NA,121,"COK","Cook Islands","New Zealand"
"81","_81.1","_81.1.2",NA,NA,3,"NFK","Norfolk Island","Australia"
"81","_81.1","_81.1.2",NA,NA,5,"NCL","New Caledonia","France"
"81","_81.1","_81.1.2",NA,NA,191,"NZL","New Zealand","New Zealand"
"81","_81.1","_81.1.2",NA,NA,198,"AUS","Australia","Australia"
"81","_81.3",NA,NA,NA,3,"NFK","Norfolk Island","Australia"
"81","_81.3",NA,NA,NA,5,"NCL","New Caledonia","France"
"81","_81.3",NA,NA,NA,190,"FJI","Fiji","Fiji"
"81","_81.3",NA,NA,NA,191,"NZL","New Zealand","New Zealand"
"87","87.2","87.2.5",NA,NA,160,"CHL","Easter Island","Chile"
"87","87.2","87.2.1","87.2.13",NA,240,"CHL","Chile","Chile"
"41","41.2","41.2.2",NA,NA,134,"BRA","Brazil","Brazil"
"41","41.2","41.2.2",NA,NA,205,"URY","Uruguay","Uruguay"
"87","87.2","87.2.1","87.2.14",NA,240,"CHL","Chile","Chile"
"87","87.2","87.2.1","87.2.15",NA,240,"CHL","Chile","Chile"
"87","87.2","87.2.1","87.2.16",NA,240,"CHL","Chile","Chile"
"81","_81.5",NA,NA,NA,191,"NZL","New Zealand","New Zealand"
"57","57.4",NA,NA,NA,72,"ATF","Amsterdam Island and Saint Paul Island","France"
"57","57.4",NA,NA,NA,198,"AUS","Australia","Australia"
"81","_81.4",NA,NA,NA,191,"NZL","New Zealand","New Zealand"
"81","_81.5",NA,NA,NA,191,"NZL","New Zealand","New Zealand"
"87","87.2","87.2.1","87.2.17",NA,240,"CHL","Chile","Chile"
"87","87.3","87.3.3",NA,NA,240,"CHL","Chile","Chile"
"87","87.3","87.3.1","87.3.11",NA,240,"CHL","Chile","Chile"
"81","_81.6",NA,NA,NA,191,"NZL","New Zealand","New Zealand"
"58","58.7",NA,NA,NA,70,"ZAF","Prince Edward Islands","South Africa"
"58","58.6",NA,NA,NA,70,"ZAF","Prince Edward Islands","South Africa"
"58","58.6",NA,NA,NA,71,"ATF","Crozet Islands","France"
"58","58.5","58.5.1",NA,NA,73,"ATF","Kerguelen Islands","France"
"81","_81.2",NA,NA,NA,4,"AUS","Macquarie Island","Australia"
"81","_81.2",NA,NA,NA,191,"NZL","New Zealand","New Zealand"
"81","_81.2",NA,NA,NA,198,"AUS","Australia","Australia"
"81","_81.6",NA,NA,NA,191,"NZL","New Zealand","New Zealand"
"41","41.2","41.2.4",NA,NA,67,"BRA","Trindade","Brazil"
"41","41.2","41.2.4",NA,NA,134,"BRA","Brazil","Brazil"
"27","27.X","27.X.a","27.X.a.2",NA,40,"PRT","Azores","Portugal"
"27","27.X","27.X.a","27.X.a.1",NA,40,"PRT","Azores","Portugal"
"27","27.X","27.X.a","27.X.a.1",NA,42,"PRT","Madeira","Portugal"
"27","27.IX","27.IX.b","27.IX.b.1",NA,42,"PRT","Madeira","Portugal"
"27","27.IX","27.IX.b","27.IX.b.1",NA,175,"PRT","Portugal","Portugal"
"27","27.IX","27.IX.b","27.IX.b.1",NA,225,"ESP","Spain","Spain"
"27","27.IX","27.IX.b","27.IX.b.2",NA,175,"PRT","Portugal","Portugal"
"27","27.IX","27.IX.b","27.IX.b.2",NA,225,"ESP","Spain","Spain"
"58","58.5","58.5.2",NA,NA,73,"ATF","Kerguelen Islands","France"
"58","58.5","58.5.2",NA,NA,74,"HMD","Heard and McDonald Islands","Australia"
"48","48.3",NA,NA,NA,69,"SGS","South Georgia and the South Sandwich Islands","United Kingdom"
"48","48.4",NA,NA,NA,69,"SGS","South Georgia and the South Sandwich Islands","United Kingdom"
"58","58.4","58.4.4","58.4.4.a",NA,70,"ZAF","Prince Edward Islands","South Africa"
"48","48.2",NA,NA,NA,69,"SGS","South Georgia and the South Sandwich Islands","United Kingdom"
"48","48.2",NA,NA,NA,156,"ATA","Antarctica","Antarctica"
"88","88.1",NA,NA,NA,156,"ATA","Antarctica","Antarctica"
"88","88.3",NA,NA,NA,156,"ATA","Antarctica","Antarctica"
"48","48.1",NA,NA,NA,156,"ATA","Antarctica","Antarctica"
"41","41.2","41.2.3",NA,NA,134,"BRA","Brazil","Brazil"
"41","41.2","41.2.3",NA,NA,205,"URY","Uruguay","Uruguay"
"41","41.2","41.2.3",NA,NA,206,"ARG","Argentina","Argentina"
"87","87.3","87.3.1","87.3.12",NA,240,"CHL","Chile","Chile"
"41","41.3","41.3.1",NA,NA,75,"FLK","Falkland Islands","United Kingdom"
"41","41.3","41.3.1",NA,NA,206,"ARG","Argentina","Argentina"
NA,NA,NA,NA,NA,179,"AZE","Azerbaijan","Azerbaijan"
NA,NA,NA,NA,NA,180,"KAZ","Kazakhstan","Kazakhstan"
NA,NA,NA,NA,NA,181,"TKM","Turkmenistan","Turkmenistan"
NA,NA,NA,NA,NA,207,"RUS","Russia","Russia"
NA,NA,NA,NA,NA,228,"IRN","Iran","Iran"
"37","37.1","37.1.1",NA,NA,45,"GIB","Gibraltar","United Kingdom"
"37","37.1","37.1.1",NA,NA,46,"TUN","Tunisia","Tunisia"
"37","37.1","37.1.1",NA,NA,64,"DZA","Algeria","Algeria"
"37","37.1","37.1.1",NA,NA,138,"ITA","Italy","Italy"
"37","37.1","37.1.1",NA,NA,219,"FRA","France","France"
"37","37.1","37.1.1",NA,NA,225,"ESP","Spain","Spain"
"37","37.1","37.1.1",NA,NA,230,"MAR","Morocco","Morocco"
"34","34.3","34.3.6",NA,NA,80,"COG","République du Congo","République du Congo"
"34","34.3","34.3.6",NA,NA,83,"STP","Sao Tome and Principe","Sao Tome and Principe"
"34","34.3","34.3.6",NA,NA,148,"GAB","Gabon","Gabon"
"34","34.3","34.3.6",NA,NA,149,"COD","Democratic Republic of the Congo","Democratic Republic of the Congo"
"34","34.3","34.3.6",NA,NA,150,"AGO","Angola","Angola"
"34","34.3","34.3.6",NA,NA,231,"GNQ","Equatorial Guinea","Equatorial Guinea"
"51","51.3",NA,NA,NA,34,"SOM","Somalia","Somalia"
"51","51.3",NA,NA,NA,35,"ERI","Eritrea","Eritrea"
"51","51.3",NA,NA,NA,36,"DJI","Djibouti","Djibouti"
"51","51.3",NA,NA,NA,37,"YEM","Yemen","Yemen"
"51","51.3",NA,NA,NA,187,"OMN","Oman","Oman"
"51","51.3",NA,NA,NA,192,"ARE","United Arab Emirates","United Arab Emirates"
"51","51.3",NA,NA,NA,228,"IRN","Iran","Iran"
"51","51.1",NA,NA,NA,35,"ERI","Eritrea","Eritrea"
"51","51.1",NA,NA,NA,37,"YEM","Yemen","Yemen"
"51","51.1",NA,NA,NA,168,"SDN","Sudan","Sudan"
"51","51.1",NA,NA,NA,183,"JOR","Jordan","Jordan"
"51","51.1",NA,NA,NA,186,"SAU","Saudi Arabia","Saudi Arabia"
"51","51.1",NA,NA,NA,193,"EGY","Egypt","Egypt"
"51","51.1",NA,NA,NA,194,"EGY","Egypt","Egypt"
"51","51.1",NA,NA,NA,195,"ISR","Israel","Israel"
"31","_31.9",NA,NA,NA,92,"DOM","Dominican Republic","Dominican Republic"
"31","_31.9",NA,NA,NA,106,"PAN","Panama","Panama"
"31","_31.9",NA,NA,NA,110,"VEN","Venezuela","Venezuela"
"31","_31.9",NA,NA,NA,130,"JAM","Jamaica","Jamaica"
"31","_31.9",NA,NA,NA,199,"COL","Colombia","Colombia"
"31","_31.9",NA,NA,NA,241,"HTI","Haiti","Haiti"
"71","_71.8",NA,NA,NA,15,"PNG","Papua New Guinea","Papua New Guinea"
"71","_71.8",NA,NA,NA,172,"IDN","Indonesia","Indonesia"
"71","_71.8",NA,NA,NA,177,"-","Australia - Papua New Guinea","Australia - Papua New Guinea"
"71","_71.8",NA,NA,NA,198,"AUS","Australia","Australia"
"81","_81.1","_81.1.1",NA,NA,198,"AUS","Australia","Australia"
"57","57.6",NA,NA,NA,198,"AUS","Australia","Australia"
"51","51.4",NA,NA,NA,39,"PAK","Pakistan","Pakistan"
"51","51.4",NA,NA,NA,166,"MDV","Maldives","Maldives"
"51","51.4",NA,NA,NA,167,"IOT","British Indian Ocean Territory","United Kingdom"
"51","51.4",NA,NA,NA,187,"OMN","Oman","Oman"
"51","51.4",NA,NA,NA,200,"IND","India","India"
"51","51.4",NA,NA,NA,228,"IRN","Iran","Iran"
"31","_31.2","_31.2.1",NA,NA,185,"USA","United States","United States"
"31","_31.2","_31.2.1",NA,NA,215,"MEX","Mexico","Mexico"
"31","_31.2","_31.2.2",NA,NA,185,"USA","United States","United States"
"31","_31.2","_31.2.3",NA,NA,185,"USA","United States","United States"
"31","_31.2","_31.2.4",NA,NA,185,"USA","United States","United States"
"31","_31.2","_31.2.6",NA,NA,90,"CUB","Cuba","Cuba"
"31","_31.2","_31.2.6",NA,NA,171,"BHS","Bahamas","Bahamas"
"31","_31.2","_31.2.6",NA,NA,185,"USA","United States","United States"
"31","_31.1",NA,NA,NA,171,"BHS","Bahamas","Bahamas"
"31","_31.1",NA,NA,NA,185,"USA","United States","United States"
"31","_31.3","_31.3.1",NA,NA,185,"USA","United States","United States"
"31","_31.3","_31.3.1",NA,NA,215,"MEX","Mexico","Mexico"
"77",NA,NA,NA,NA,86,"CPT","Clipperton Island","France"
"77",NA,NA,NA,NA,106,"PAN","Panama","Panama"
"77",NA,NA,NA,NA,107,"SLV","El Salvador","El Salvador"
"77",NA,NA,NA,NA,114,"PCN","Pitcairn","United Kingdom"
"77",NA,NA,NA,NA,115,"PYF","French Polynesia","France"
"77",NA,NA,NA,NA,116,"KIR","Line Group","Kiribati"
"77",NA,NA,NA,NA,117,"UMI","Jarvis Island","United States"
"77",NA,NA,NA,NA,118,"UMI","Palmyra Atoll","United States"
"77",NA,NA,NA,NA,119,"ASM","American Samoa","United States"
"77",NA,NA,NA,NA,120,"WSM","Samoa","Samoa"
"77",NA,NA,NA,NA,121,"COK","Cook Islands","New Zealand"
"77",NA,NA,NA,NA,122,"NIU","Niue","New Zealand"
"77",NA,NA,NA,NA,123,"TON","Tonga","Tonga"
"77",NA,NA,NA,NA,124,"TKL","Tokelau","New Zealand"
"77",NA,NA,NA,NA,125,"KIR","Phoenix Group","Kiribati"
"77",NA,NA,NA,NA,126,"UMI","Howland Island and Baker Island","United States"
"77",NA,NA,NA,NA,127,"UMI","Johnston Atoll","United States"
"77",NA,NA,NA,NA,128,"USA","Hawaii","United States"
"77",NA,NA,NA,NA,185,"USA","United States","United States"
"77",NA,NA,NA,NA,210,"WLF","Wallis and Futuna","France"
"77",NA,NA,NA,NA,214,"GTM","Guatemala","Guatemala"
"77",NA,NA,NA,NA,215,"MEX","Mexico","Mexico"
"77",NA,NA,NA,NA,217,"NIC","Nicaragua","Nicaragua"
"77",NA,NA,NA,NA,218,"HND","Honduras","Honduras"
"77",NA,NA,NA,NA,224,"CRI","Costa Rica","Costa Rica"
"31","_31.7","_31.7.2",NA,NA,90,"CUB","Cuba","Cuba"
"31","_31.7","_31.7.2",NA,NA,91,"CYM","Cayman Islands","United Kingdom"
"31","_31.7","_31.7.2",NA,NA,129,"-","Colombia - Jamaica","Joint Regime"
"31","_31.7","_31.7.2",NA,NA,130,"JAM","Jamaica","Jamaica"
"31","_31.7","_31.7.2",NA,NA,215,"MEX","Mexico","Mexico"
"31","_31.7","_31.7.2",NA,NA,217,"NIC","Nicaragua","Nicaragua"
"31","_31.7","_31.7.2",NA,NA,218,"HND","Honduras","Honduras"
"31","_31.7","_31.7.1",NA,NA,214,"GTM","Guatemala","Guatemala"
"31","_31.7","_31.7.1",NA,NA,215,"MEX","Mexico","Mexico"
"31","_31.7","_31.7.1",NA,NA,216,"BLZ","Belize","Belize"
"31","_31.7","_31.7.1",NA,NA,218,"HND","Honduras","Honduras"
"48","48.6",NA,NA,NA,69,"SGS","South Georgia and the South Sandwich Islands","United Kingdom"
"48","48.6",NA,NA,NA,84,"BVT","Bouvet Island","Norway"
"48","48.6",NA,NA,NA,156,"ATA","Antarctica","Antarctica"
"48","48.5",NA,NA,NA,156,"ATA","Antarctica","Antarctica"
"88","88.2",NA,NA,NA,156,"ATA","Antarctica","Antarctica"
"88","88.1",NA,NA,NA,156,"ATA","Antarctica","Antarctica"
"41","41.3","41.3.2",NA,NA,75,"FLK","Falkland Islands","United Kingdom"
"41","41.3","41.3.2",NA,NA,156,"ATA","Antarctica","Antarctica"
"41","41.3","41.3.2",NA,NA,206,"ARG","Argentina","Argentina"
"41","41.3","41.3.2",NA,NA,240,"CHL","Chile","Chile"
"87","87.3","87.3.1","87.3.13",NA,206,"ARG","Argentina","Argentina"
"87","87.3","87.3.1","87.3.13",NA,240,"CHL","Chile","Chile"
"58","58.4","58.4.2",NA,NA,156,"ATA","Antarctica","Antarctica"
"58","58.4","58.4.1",NA,NA,156,"ATA","Antarctica","Antarctica"
"58","58.4","58.4.3","58.4.3.b",NA,74,"HMD","Heard and McDonald Islands","Australia"
"58","58.4","58.4.3","58.4.3.b",NA,156,"ATA","Antarctica","Antarctica"
"58","58.4","58.4.3","58.4.3.a",NA,74,"HMD","Heard and McDonald Islands","Australia"
"47","47.A","47.A.0",NA,NA,65,"ASC","Ascension","United Kingdom"
"47","47.A","47.A.0",NA,NA,66,"SHN","Saint Helena","United Kingdom"
"47","47.A","47.A.0",NA,NA,81,"NAM","Namibia","Namibia"
"47","47.A","47.A.0",NA,NA,148,"GAB","Gabon","Gabon"
"47","47.A","47.A.0",NA,NA,150,"AGO","Angola","Angola"
"47","47.A","47.A.1",NA,NA,66,"SHN","Saint Helena","United Kingdom"
"21","21.1","21.1.D",NA,NA,162,"GRL","Greenland","Denmark"
"21","21.1","21.1.D",NA,NA,188,"CAN","Canada","Canada"
"21","21.1","21.1.E",NA,NA,162,"GRL","Greenland","Denmark"
"21","21.1","21.1.E",NA,NA,188,"CAN","Canada","Canada"
"21","21.2","21.2.G",NA,NA,188,"CAN","Canada","Canada"
"21","21.1","21.1.F",NA,NA,162,"GRL","Greenland","Denmark"
"21","21.1","21.1.F",NA,NA,188,"CAN","Canada","Canada"
"21","21.2","21.2.H",NA,NA,188,"CAN","Canada","Canada"
"21","21.3","21.3.O",NA,NA,188,"CAN","Canada","Canada"
"47","47.1","47.1.1",NA,NA,80,"COG","République du Congo","République du Congo"
"47","47.1","47.1.1",NA,NA,148,"GAB","Gabon","Gabon"
"47","47.1","47.1.1",NA,NA,149,"COD","Democratic Republic of the Congo","Democratic Republic of the Congo"
"47","47.1","47.1.1",NA,NA,150,"AGO","Angola","Angola"
"47","47.1","47.1.2",NA,NA,150,"AGO","Angola","Angola"
"47","47.C","47.C.0",NA,NA,68,"TAA","Tristan da Cunha","United Kingdom"
"47","47.C","47.C.0",NA,NA,82,"ZAF","South Africa","South Africa"
"47","47.D","47.D.0",NA,NA,68,"TAA","Tristan da Cunha","United Kingdom"
"47","47.2","47.2.2",NA,NA,82,"ZAF","South Africa","South Africa"
"47","47.2","47.2.1",NA,NA,82,"ZAF","South Africa","South Africa"
"47","47.1","47.1.3",NA,NA,81,"NAM","Namibia","Namibia"
"47","47.1","47.1.3",NA,NA,150,"AGO","Angola","Angola"
"47","47.1","47.1.4",NA,NA,81,"NAM","Namibia","Namibia"
"47","47.1","47.1.5",NA,NA,81,"NAM","Namibia","Namibia"
"47","47.1","47.1.5",NA,NA,82,"ZAF","South Africa","South Africa"
"47","47.1","47.1.6",NA,NA,81,"NAM","Namibia","Namibia"
"47","47.1","47.1.6",NA,NA,82,"ZAF","South Africa","South Africa"
"27","27.IX","27.IX.a",NA,NA,175,"PRT","Portugal","Portugal"
"27","27.IX","27.IX.a",NA,NA,225,"ESP","Spain","Spain"
"27","27.VIII","27.VIII.c",NA,NA,219,"FRA","France","France"
"27","27.VIII","27.VIII.c",NA,NA,225,"ESP","Spain","Spain"
"27","27.VIII","27.VIII.b",NA,NA,219,"FRA","France","France"
"27","27.VIII","27.VIII.b",NA,NA,225,"ESP","Spain","Spain"
"27","27.X","27.X.b",NA,NA,40,"PRT","Azores","Portugal"
"27","27.VIII","27.VIII.e","27.VIII.e.1",NA,225,"ESP","Spain","Spain"
"27","27.VIII","27.VIII.d","27.VIII.d.1",NA,219,"FRA","France","France"
"21","21.3","21.3.N",NA,NA,188,"CAN","Canada","Canada"
"21","21.4","21.4.V","21.4.V.s",NA,157,"SPM","Saint Pierre and Miquelon","France"
"21","21.4","21.4.V","21.4.V.s",NA,188,"CAN","Canada","Canada"
"21","21.5","21.5.Z","21.5.Z.e","21.5.Z.u",185,"USA","United States","United States"
"21","21.5","21.5.Z","21.5.Z.e","21.5.Z.u",188,"CAN","Canada","Canada"
"21","21.5","21.5.Z","21.5.Z.w",NA,185,"USA","United States","United States"
"21","21.6","21.6.B",NA,NA,185,"USA","United States","United States"
"21","21.6","21.6.D",NA,NA,87,"BMU","Bermuda","United Kingdom"
"21","21.6","21.6.D",NA,NA,185,"USA","United States","United States"
"21","21.6","21.6.E",NA,NA,87,"BMU","Bermuda","United Kingdom"
"21","21.0","21.0.A",NA,NA,162,"GRL","Greenland","Denmark"
"21","21.0","21.0.A",NA,NA,188,"CAN","Canada","Canada"
"21","21.1","21.1.A",NA,NA,162,"GRL","Greenland","Denmark"
"21","21.1","21.1.A",NA,NA,188,"CAN","Canada","Canada"
"21","21.1","21.1.B",NA,NA,162,"GRL","Greenland","Denmark"
"21","21.1","21.1.B",NA,NA,188,"CAN","Canada","Canada"
"21","21.0","21.0.B",NA,NA,188,"CAN","Canada","Canada"
"21","21.1","21.1.C",NA,NA,162,"GRL","Greenland","Denmark"
"21","21.1","21.1.C",NA,NA,188,"CAN","Canada","Canada"
"21","21.4","21.4.V","21.4.V.n",NA,188,"CAN","Canada","Canada"
"21","21.4","21.4.W",NA,NA,188,"CAN","Canada","Canada"
"21","21.4","21.4.S",NA,NA,188,"CAN","Canada","Canada"
"21","21.3","21.3.K",NA,NA,188,"CAN","Canada","Canada"
"21","21.2","21.2.J",NA,NA,188,"CAN","Canada","Canada"
"21","21.6","21.6.A",NA,NA,185,"USA","United States","United States"
"21","21.6","21.6.C",NA,NA,185,"USA","United States","United States"
"21","21.4","21.4.R",NA,NA,188,"CAN","Canada","Canada"
"21","21.3","21.3.L",NA,NA,188,"CAN","Canada","Canada"
"21","21.3","21.3.P","21.3.P.s",NA,157,"SPM","Saint Pierre and Miquelon","France"
"21","21.3","21.3.P","21.3.P.s",NA,188,"CAN","Canada","Canada"
"21","21.4","21.4.X",NA,NA,185,"USA","United States","United States"
"21","21.4","21.4.X",NA,NA,188,"CAN","Canada","Canada"
"21","21.5","21.5.Y",NA,NA,185,"USA","United States","United States"
"21","21.5","21.5.Y",NA,NA,188,"CAN","Canada","Canada"
"21","21.4","21.4.T",NA,NA,188,"CAN","Canada","Canada"
"21","21.3","21.3.P","21.3.P.n",NA,188,"CAN","Canada","Canada"
"47","47.B","47.B.1",NA,NA,81,"NAM","Namibia","Namibia"
"47","47.C","47.C.1",NA,NA,81,"NAM","Namibia","Namibia"
"47","47.C","47.C.1",NA,NA,82,"ZAF","South Africa","South Africa"
"27","27.VIII","27.VIII.d","27.VIII.d.2",NA,170,"IRL","Ireland","Ireland"
"27","27.VIII","27.VIII.d","27.VIII.d.2",NA,182,"GBR","United Kingdom","United Kingdom"
"27","27.VIII","27.VIII.d","27.VIII.d.2",NA,219,"FRA","France","France"
"27","27.VIII","27.VIII.d","27.VIII.d.2",NA,225,"ESP","Spain","Spain"
"27","27.VIII","27.VIII.a",NA,NA,219,"FRA","France","France"
"27","27.VII","27.VII.j","27.VII.j.1",NA,170,"IRL","Ireland","Ireland"
"27","27.VII","27.VII.h",NA,NA,170,"IRL","Ireland","Ireland"
"27","27.VII","27.VII.h",NA,NA,182,"GBR","United Kingdom","United Kingdom"
"27","27.VII","27.VII.h",NA,NA,219,"FRA","France","France"
"27","27.VII","27.VII.f",NA,NA,182,"GBR","United Kingdom","United Kingdom"
"27","27.VII","27.VII.g",NA,NA,170,"IRL","Ireland","Ireland"
"27","27.VII","27.VII.g",NA,NA,182,"GBR","United Kingdom","United Kingdom"
"27","27.VII","27.VII.k","27.VII.k.1",NA,170,"IRL","Ireland","Ireland"
"27","27.VII","27.VII.k","27.VII.k.2",NA,170,"IRL","Ireland","Ireland"
"27","27.VII","27.VII.j","27.VII.j.2",NA,170,"IRL","Ireland","Ireland"
"27","27.VII","27.VII.j","27.VII.j.2",NA,182,"GBR","United Kingdom","United Kingdom"
"27","27.VII","27.VII.j","27.VII.j.2",NA,219,"FRA","France","France"
"27","27.IV","27.IV.c",NA,NA,44,"BEL","Belgium","Belgium"
"27","27.IV","27.IV.c",NA,NA,137,"NLD","Netherlands","Netherlands"
"27","27.IV","27.IV.c",NA,NA,182,"GBR","United Kingdom","United Kingdom"
"27","27.IV","27.IV.c",NA,NA,219,"FRA","France","France"
"27","27.IV","27.IV.c",NA,NA,227,"DEU","Germany","Germany"
"27","27.VII","27.VII.c","27.VII.c.1",NA,170,"IRL","Ireland","Ireland"
"27","27.VII","27.VII.c","27.VII.c.2",NA,170,"IRL","Ireland","Ireland"
"27","27.III","27.III.d","27.III.d.24",NA,136,"DNK","Denmark","Denmark"
"27","27.III","27.III.d","27.III.d.24",NA,202,"POL","Poland","Poland"
"27","27.III","27.III.d","27.III.d.24",NA,226,"SWE","Sweden","Sweden"
"27","27.III","27.III.d","27.III.d.24",NA,227,"DEU","Germany","Germany"
"27","27.III","27.III.b, c","27.III.23",NA,136,"DNK","Denmark","Denmark"
"27","27.III","27.III.b, c","27.III.23",NA,226,"SWE","Sweden","Sweden"
"27","27.III","27.III.d","27.III.d.26",NA,52,"LVA","Latvia","Latvia"
"27","27.III","27.III.d","27.III.d.26",NA,141,"LTU","Lithuania","Lithuania"
"27","27.III","27.III.d","27.III.d.26",NA,202,"POL","Poland","Poland"
"27","27.III","27.III.d","27.III.d.26",NA,207,"RUS","Russia","Russia"
"27","27.III","27.III.d","27.III.d.26",NA,226,"SWE","Sweden","Sweden"
"27","27.IV","27.IV.b",NA,NA,136,"DNK","Denmark","Denmark"
"27","27.IV","27.IV.b",NA,NA,137,"NLD","Netherlands","Netherlands"
"27","27.IV","27.IV.b",NA,NA,182,"GBR","United Kingdom","United Kingdom"
"27","27.IV","27.IV.b",NA,NA,227,"DEU","Germany","Germany"
"27","27.IV","27.IV.b",NA,NA,242,"NOR","Norway","Norway"
"27","27.VI","27.VI.b","27.VI.b.1",NA,170,"IRL","Ireland","Ireland"
"27","27.VI","27.VI.b","27.VI.b.1",NA,182,"GBR","United Kingdom","United Kingdom"
"27","27.VI","27.VI.b","27.VI.b.2",NA,170,"IRL","Ireland","Ireland"
"27","27.VI","27.VI.b","27.VI.b.2",NA,182,"GBR","United Kingdom","United Kingdom"
"27","27.XII","27.XII.a","27.XII.a.1",NA,162,"GRL","Greenland","Denmark"
"27","27.XII","27.XII.a","27.XII.a.1",NA,163,"ISL","Iceland","Iceland"
"27","27.XII","27.XII.a","27.XII.a.4",NA,163,"ISL","Iceland","Iceland"
"27","27.V","27.V.b","27.V.b.1","27.V.b.1.b",112,"FRO","Faeroe Islands","Denmark"
"27","27.V","27.V.b","27.V.b.1","27.V.b.1.b",163,"ISL","Iceland","Iceland"
"27","27.V","27.V.b","27.V.b.1","27.V.b.1.b",182,"GBR","United Kingdom","United Kingdom"
"27","27.XIV","27.XIV.b","27.XIV.b.1",NA,163,"ISL","Iceland","Iceland"
"27","27.V","27.V.a","27.V.a.2",NA,112,"FRO","Faeroe Islands","Denmark"
"27","27.V","27.V.a","27.V.a.2",NA,162,"GRL","Greenland","Denmark"
"27","27.V","27.V.a","27.V.a.2",NA,163,"ISL","Iceland","Iceland"
"27","27.XIV","27.XIV.b","27.XIV.b.2",NA,162,"GRL","Greenland","Denmark"
"27","27.XIV","27.XIV.b","27.XIV.b.2",NA,163,"ISL","Iceland","Iceland"
"27","27.II","27.II.a","27.II.a.1",NA,112,"FRO","Faeroe Islands","Denmark"
"27","27.II","27.II.a","27.II.a.1",NA,113,"SJM","Jan Mayen","Norway"
"27","27.II","27.II.a","27.II.a.1",NA,163,"ISL","Iceland","Iceland"
"27","27.II","27.II.a","27.II.a.1",NA,184,"SJM","Svalbard","Norway"
"27","27.II","27.II.a","27.II.a.1",NA,242,"NOR","Norway","Norway"
"27","27.II","27.II.b","27.II.b.1",NA,113,"SJM","Jan Mayen","Norway"
"27","27.II","27.II.b","27.II.b.1",NA,184,"SJM","Svalbard","Norway"
"27","27.I","27.I.a",NA,NA,184,"SJM","Svalbard","Norway"
"27","27.I","27.I.a",NA,NA,207,"RUS","Russia","Russia"
"27","27.I","27.I.a",NA,NA,242,"NOR","Norway","Norway"
"27","27.XIV","27.XIV.a",NA,NA,113,"SJM","Jan Mayen","Norway"
"27","27.XIV","27.XIV.a",NA,NA,162,"GRL","Greenland","Denmark"
"27","27.XIV","27.XIV.a",NA,NA,163,"ISL","Iceland","Iceland"
"27","27.II","27.II.b","27.II.b.2",NA,113,"SJM","Jan Mayen","Norway"
"27","27.II","27.II.b","27.II.b.2",NA,162,"GRL","Greenland","Denmark"
"27","27.II","27.II.b","27.II.b.2",NA,184,"SJM","Svalbard","Norway"
"27","27.II","27.II.b","27.II.b.2",NA,242,"NOR","Norway","Norway"
"27","27.XII","27.XII.a","27.XII.a.3",NA,162,"GRL","Greenland","Denmark"
"27","27.XII","27.XII.a","27.XII.a.2",NA,163,"ISL","Iceland","Iceland"
"27","27.VII","27.VII.e",NA,NA,164,"JEY","Jersey","United Kingdom"
"27","27.VII","27.VII.e",NA,NA,165,"GGY","Guernsey","United Kingdom"
"27","27.VII","27.VII.e",NA,NA,182,"GBR","United Kingdom","United Kingdom"
"27","27.VII","27.VII.e",NA,NA,219,"FRA","France","France"
"27","27.VII","27.VII.d",NA,NA,182,"GBR","United Kingdom","United Kingdom"
"27","27.VII","27.VII.d",NA,NA,219,"FRA","France","France"
"27","27.VI","27.VI.a",NA,NA,112,"FRO","Faeroe Islands","Denmark"
"27","27.VI","27.VI.a",NA,NA,170,"IRL","Ireland","Ireland"
"27","27.VI","27.VI.a",NA,NA,182,"GBR","United Kingdom","United Kingdom"
"27","27.VII","27.VII.b",NA,NA,170,"IRL","Ireland","Ireland"
"27","27.VII","27.VII.a",NA,NA,170,"IRL","Ireland","Ireland"
"27","27.VII","27.VII.a",NA,NA,182,"GBR","United Kingdom","United Kingdom"
"27","27.II","27.II.a","27.II.a.2",NA,112,"FRO","Faeroe Islands","Denmark"
"27","27.II","27.II.a","27.II.a.2",NA,113,"SJM","Jan Mayen","Norway"
"27","27.II","27.II.a","27.II.a.2",NA,163,"ISL","Iceland","Iceland"
"27","27.II","27.II.a","27.II.a.2",NA,182,"GBR","United Kingdom","United Kingdom"
"27","27.II","27.II.a","27.II.a.2",NA,184,"SJM","Svalbard","Norway"
"27","27.II","27.II.a","27.II.a.2",NA,242,"NOR","Norway","Norway"
"27","27.IV","27.IV.a",NA,NA,112,"FRO","Faeroe Islands","Denmark"
"27","27.IV","27.IV.a",NA,NA,182,"GBR","United Kingdom","United Kingdom"
"27","27.IV","27.IV.a",NA,NA,242,"NOR","Norway","Norway"
"27","27.I","27.I.b",NA,NA,184,"SJM","Svalbard","Norway"
"27","27.I","27.I.b",NA,NA,207,"RUS","Russia","Russia"
"27","27.I","27.I.b",NA,NA,242,"NOR","Norway","Norway"
"27","27.III","27.III.b, c","27.III.22",NA,136,"DNK","Denmark","Denmark"
"27","27.III","27.III.b, c","27.III.22",NA,227,"DEU","Germany","Germany"
"27","27.III","27.III.d","27.III.d.27",NA,226,"SWE","Sweden","Sweden"
"27","27.III","27.III.d","27.III.d.28","27.III.d.28.2",52,"LVA","Latvia","Latvia"
"27","27.III","27.III.d","27.III.d.28","27.III.d.28.2",53,"EST","Estonia","Estonia"
"27","27.III","27.III.d","27.III.d.28","27.III.d.28.2",226,"SWE","Sweden","Sweden"
"27","27.III","27.III.d","27.III.d.29",NA,53,"EST","Estonia","Estonia"
"27","27.III","27.III.d","27.III.d.29",NA,135,"FIN","Finland","Finland"
"27","27.III","27.III.d","27.III.d.29",NA,226,"SWE","Sweden","Sweden"
"27","27.III","27.III.d","27.III.d.28","27.III.d.28.1",52,"LVA","Latvia","Latvia"
"27","27.III","27.III.d","27.III.d.28","27.III.d.28.1",53,"EST","Estonia","Estonia"
"27","27.III","27.III.d","27.III.d.32",NA,53,"EST","Estonia","Estonia"
"27","27.III","27.III.d","27.III.d.32",NA,135,"FIN","Finland","Finland"
"27","27.III","27.III.d","27.III.d.32",NA,207,"RUS","Russia","Russia"
"27","27.III","27.III.d","27.III.d.30",NA,135,"FIN","Finland","Finland"
"27","27.III","27.III.d","27.III.d.30",NA,226,"SWE","Sweden","Sweden"
"27","27.III","27.III.d","27.III.d.31",NA,135,"FIN","Finland","Finland"
"27","27.III","27.III.d","27.III.d.31",NA,226,"SWE","Sweden","Sweden"
"27","27.III","27.III.a",NA,NA,136,"DNK","Denmark","Denmark"
"27","27.III","27.III.a",NA,NA,226,"SWE","Sweden","Sweden"
"27","27.III","27.III.a",NA,NA,242,"NOR","Norway","Norway"
"27","27.III","27.III.d","27.III.d.25",NA,136,"DNK","Denmark","Denmark"
"27","27.III","27.III.d","27.III.d.25",NA,202,"POL","Poland","Poland"
"27","27.III","27.III.d","27.III.d.25",NA,226,"SWE","Sweden","Sweden"
