ID,region,count,species,new FAO region,EEZ,Freshwater spawning or seas not in FAO region,TO DO,
119,Southern Hemisphere (between 5째S and 25째S),3,Scomber-germon Thunnus-alalunga Thunnus-pacificus,"41: 1.2, 1.4, 1.3, 2.1, 2.4; 47: A, B, 1.1, 1.2, 1.3, 1.4, 1.5; 51: 5, 6, 8, 7; 57: 2, 3, 5.1; 71; 77 ",,,,
121,Southwest Pacific between 10째S and 30째S,3,Istiophorus-audax Kajikia-audax Makaira-zelandica,71; 81,,,1,
124,Southwestern Pacific Ocean (Jan 2006-Jan 2009),3,Istiophorus-audax Kajikia-audax Makaira-zelandica,71; 81,,,1,
125,tropical and subtropical waters of the Pacific,3,Istiophorus-platypterus Istiophorus-triactis Scomber-gladius,"71; 87:1, 1.1, 1.2, 1.3, 1.4, 2, 2.1, 2.2, 2.3, 2.4, 2.5, 2.6, 3, 3.1, 3.2, 3.3; 77; 81",,,1,
128,At least in lower latitudes,2,Lutjanus-argentimaculatus Lutjanus-argentimculatus,"51: 1, 2, 3, 4, 5, 6, 7, 8; 57:1, 2, 3, 5.1, 5.2; 71; 61",,,1,
142,"Dover Strait and Somme, Seine, Solent, Mont-Saint-Michel, Start and Lyme bays",2,Solea-solea Solea-vulgaris-vulgaris,"27: VII.d, VII.e","France, United Kingdom",,,
149,Eastern Pacific between 10째 N and 10째 S,2,Thunnus-obesus Thunnus-sibi,"87: 1.11, 1.12, 1.13, 1.14, 1.15, 1.21, 1.22, 1.23, 1.24, 1.25, 1.3, 1.4; 77","Colombia, Ecuador, Peru, Costa Rica, Panama",,,
152,In equatorial waters,2,Katsuwonus-pelamis Scomber-pelamys,"31; 41: 1.1, 1.2, 1.3, 1.4; 47: A, A.1, A.2, 1.1, 1.2; 34: 3.12, 3.13, 3.3, 3.4, 3.5, 3.6, 4.1, 4.2; 51:1, 3, 4, 5, 6, 7; 57:1, 2, 5.1; 71; 77; 87: 1.11, 1.12, 1.13, 1.14, 1.21, 1.22, 1.23, 1.24, 1.3, 1.4",,,1,
154,In lower latitudes,2,Lutjanus-bohar Lutjanus-rangus,"51: 1, 2, 3, 4, 5, 6, 7, 8; 57:1, 2, 3, 5.1, 5.2; 71; 61",,,1,
155,"North Atlantic, eastern South Pacific, eastern South Atlantic coast of South America, Cape coast of South Africa, , temperate south coast of Australia, temperate southern New Zealand, North Pacific",2,Squalus-acanthias Squalus-whitleyi,21; 31; 27; 37; 34; 47; 51; 57; 81; 71; 87,,,1,
157,Scottish-Norwegian Stock,2,Squalus-acanthias Squalus-whitleyi,27: IV,,,1,"They mention a stock and not a spawning region. I looked this up and couldn't find a spawning location, so put in north sea: http://www.imr.no/temasider/fisk/hai/piggha/en"
171,Southern Africa,2,Cheimerius-nufar Dentex-nufar,"51: 6, 8","Mozambique, South Africa",,,
200,Southern distributional range,2,Lethrinus-mahsena Lethrinus-sanguineus,51; 57,,,0,We need the range to do this one
204,"Western spawning grounds (45째15N; 3째15W and 46째15N; 04째45W), 1977",2,Scomber-scombrus Scomber-vulgaris,"27: VIII.a, VIII.b, VIII.d.2",France,,,
205,areas poleward,1,Hemiramphus-cuspidatus,51; 57; 71; 77; 31; 41,,,0,Something's missing in this one. Poleward of what?
218,Caribbean insular shelf,1,Galeus-arae,31,"Cayman Islands, Cuba, Dominican Republic, Haiti, Jamaica, Puerto Rico, Anguilla, Antigua and Barbuda, Aruba, Barbados, Bonaire, British Virgin Islands, Curacao, Dominica, Grenada, Guadeloupe, Martinique,Montserrat, Saba, Saint Kitts and Nevis, Saint Lucia, Northern Saint-Martin, Saint Vincent and the Grenadines, Sint-Eustasius, Sint-Maarten, Trinidad and Tobago, Guyana, Virgin Islands of the United States, Venezuela, Bahamas, Turks and Caicos Islands",,,
220,Central Pacific,1,Xiphias-gladius,77; 71,,,,
226,central South Atlantic,1,Etmopterus-pusilus,"47: A, B, C, D; 41: 1.4, 2.4, 3.3",,,1,
242,continental shelves,1,Mustelus-lunulatus,77,,,0,Continental shelves everywhere?
247,continental slope at depths generally exceeding 300 m,1,Anoplopoma-fimbria,67; 61,,,0,Our cutoff is 200m for continental shelf. Should we drop this species?
249,Equatorial Pacific waters,1,Xiphias-gladius,"77; 71; 87: 1.11, 1.12, 1.13, 1.14, 1.21, 1.22, 1.23, 1.24, 1.3, 1.4",,,1,
250,Gulf of Terpenie,1,Eleginus-gracilis,61,Russia,,,
251,"Hectate Strait, 1990",1,Gadus-macrocephalus,67,Canada,,0,I assume this is a typo for Hecate Strait.
252,"Irminger Sea, 1969",1,Sebastes-mentella,21: 1.F; 27: XIV.b.2,,,,
255,Kanin-Kolguyev Shelf and area off the Central Deep,1,Boreogadus-saida,27: I.b,Russia,,,
256,"North Pacific and continental shelves and slopes, off southern California and Baja California",1,Somniosus-pacificus,67; 77; 61; 71,,,1,
269,"Norwegian and Barent Sea, North to the Lofoten area",1,Trisopterus-esmarkii,"27: I, II.a",,,,
273,"Southern Bight, German Bight, Flamborough, 1985-1986",1,Pleuronectes-platessa,"27: IV.c, IV.b",,,,
275,"Southern Davis Strait, Eastern Denmark Strait, Off north-western Norway",1,Reinhardtius-hippoglossoides,"21: 0, 1, 2; 27: XIV, V, II",,,,
276,"Southwestern Cape Province, northern Natal.",1,Squalus-edwartsii,"47: 1.6, 2.1, 2.2; 51: 8",,,,
277,Straits of Magellan,1,Etmopterus-paessleri,41: 3.2 ; 87: 3.13,,,,
285,Tropical and subtropical Atlantic,1,Tetrapturus-pfluegeri,"31; 41: 1.1, 1.2, 1.3, 1.4, 2.1, 2.2, 2.3, 2.4; 47: 1.1, 1.2, 1.3, 1.4, 1.5, 1.6, 2.1, 2.2, A, A.1, B, B.1, C, C.1; 34: 1.11, 1.12, 1.13, 1.2, 1.31, 1.32, 2, 4.1, 4.2, 3.11, 3.12, 3.13, 3.2, 3.3, 3.4, 3.5, 3.6, 4.1; 21: 6.A, 6.B, 6.C, 6.D, 6.E, 6.F, 6.G, 6.H; 27: IX.a, IX.b.1, IX.b.2, X.a.1, X.a.2",,,1,
288,Tropical Atlantic,1,Carcharhinus-isodon,"31; 41: 1.1, 1.2, 1.3, 1.4; 47: 1.1, 1.2, 1.3, A, A.1; 34: 1.32, 4.2, 3.11, 3.12, 3.13, 3.2, 3.3, 3.4, 3.5, 3.6, 4.1",,,,
307,Tropical Eastern Atlantic,1,Scomberomorus-tritor,"34: 1.32, 4.2, 3.11, 3.12, 3.13, 3.2, 3.3, 3.4, 3.5, 3.6, 4.1; 47: 1.1, 1.2, 1.3, A, A.1",,,,
328,Villafranca Bay,1,Diplodus-puntazzo,37: 1.2,France,,,
329,West Indies,1,Albula-vulpes,31,"Cayman Islands, Cuba, Dominican Republic, Haiti, Jamaica, Puerto Rico, Anguilla, Antigua and Barbuda, Aruba, Barbados, Bonaire, British Virgin Islands, Curacao, Dominica, Grenada, Guadeloupe, Martinique, Montserrat, Saba, Saint Kitts and Nevis, Saint Lucia, Northern Saint-Martin, Saint Vincent and the Grenadines, Sint-Eustasius, Sint-Maarten, Trinidad and Tobago, Guyana, Virgin Islands of the United States, Venezuela, Bahamas, Turks and Caicos Islands",,,
356,Western North Pacific continental shelves,1,Pristiophorus-japonicus,61,,,,
361,"Western North Pacific, Hawaiian Islands, New Zealand, off Philippines, off South Africa, off southern Australia and Tasmania, off northern Chile, Gulf of Mexico",1,Squalus-mitsukurii,"77; 81; 71; 61; 47: 1.6, 2.1, 2.2; 51: 8; 57: 5.2, 6; 87: 2.11, 2.12, 2.13, 2.14, 2.21, 2.22, 2.23, 2.24, 2.6; 31",,,,
362,"Western Pacific continental shelf, Japanese waters",1,Scyliorhinus-torazame,61,Japan,,,
366,Western Pacific: around Commander Island and coast of Siberia,1,Gadus-macrocephalus,61,Russia,,,
368,Gulf of Guinea,2,Euthynnus-alletteratus Scomber-quadripunctatus,34,"Liberia, Ivory Coast, Ghana, Togo, Benin , Nigeria, Cameroon, Equatorial Guinea, Gabon, Sao Tome and Principe, Congo Republic, Democratic Republic of the Congo",,,
372,Juan Fern箝攘ndez,2,Epinephelus-oxygeneios Polyprion-oxygeneios,87: 2.4,,,,
373,Western Central Atlantic,2,Achirus-maculipinnis-gunteri Scyliorhinus-hesperius,31,,,,
374,boreal North Atlantic,1,Centroscyllium-fabricii,"21: 2, 3, 4; 27: V, III, II, I",,,,
375,Central and South American continentals shelves,1,Mustelus-dorsalis,77; 87: 1,,,,
379,Central East Atlantic,1,Spondyliosoma-cantharus,34,,,,
380,Ganges Hooghly system,1,Carcharhinus-gangeticus,0,,Carcharhinus-gangeticus,,
383,Gulf of Sakhalin,1,Eleginus-gracilis,61,Russia,,,
390,Not specified (probably North Korea),1,Salvelinus-malma-malma,0,North Korea,Salvelinus-malma-malma,,
391,south of Start Point and south of Portland Bill,1,Pleuronectes-platessa,27: VII.e,United Kingdom,,,
393,Tartar Strait,1,Eleginus-gracilis,61,Russia,,,
394,Varna,1,Mesogobius-batrachocephalus,0,Bulgaria,Mesogobius-batrachocephalus,,
248,Celtic Sea,1,Melanogrammus-aeglefinus,"27: VII.g, VII.h",,,,
1,Mediterranean,81,Acanthocybium-solandri Atherina-boyeri Brama-brama Capros-aper Centropomus-mullus Centropomus-rubens Cepola-macrophthalma Chimaera-monstrosa Coryphaena-psittacus Cypselurus-polyethmus Dentex-dentex Dentex-gibbosus Dentex-maroccanus Dentex-parvulus Dentex-vulgaris Dicentrarchus-labrax Dicentrarchus-lupus Dicentrarchus-punctatus Epigonus-denticulatus Euthynnus-alletteratus Gaidropsarus-megalokynodon Gaidropsarus-vulgaris Helicolenus-dactylopterus Leiognathus-mediterraneus Lutjanus-roissali Merlangius-merlangus Merluccius-merluccius Merluccius-merluccius Merluccius-uraleptus Merluccius-vulgaris Merluccius-vulgaris Molva-byrkelange Molva-byrkelange Molva-dypterygia-dypterygia Molva-dypterygia Molva-molva Molva-vulgaris Mora-moro Morone-labrax Morone-punctatus Mullus-imberbis Oblada-melanura Orcynopsis-unicolor Pagrus-pagrus Pagrus-vulgaris Phycis-blennoides Phycis-phycis Phycis-tinca Polyprion-americanus Pomadasys-stridens Pomatomus-saltatrix Sardinella-aurita Sardinella-pinnula Sciaena-umbra Scomber-amarui Scomber-germon Scomber-quadripunctatus Scomber-sypterus Scomber-unicolor Scophthalmus-rhombus Scorpaena-dactyloptera Sebastes-maculatus Serranus-cabrilla Serranus-cabrilla Serranus-hepatus Serranus-knysnaensis Serranus-knysnaensis Serranus-scriba Solea-lutea Solea-solea Solea-vulgaris-vulgaris Thunnus-alalunga Thunnus-pacificus Trichiurus-lepturus Trichiurus-nitens Trisopterus-luscus Trisopterus-minutus Uranoscopus-micropterygius Uranoscopus-scaber Xiphias-gladius Xyrichtys-novacula,"37: 1, 2, 3",,,,
2,California Current Region,68,Anchoviella-compressa Argentina-pretiosa Argentina-sialis Bathylagus-microcephalus Bathylagus-ochotensis Bathylagus-pacificus Bathylagus-stilbius-stilbius Bathylagus-wesethy Coryphaenoides-pectoralis Coryphaenoides-simulus Cypselurus-hubbsi Fistularia-commersonii Fistularia-corneta Girella-nigricans Hemiramphus-cuspidatus Hexagrammos-decagrammus Hydrolagus-colliei Hydrolagus-media Hypomesus-pretiosus Lepidion-verecundum Myripristis-leiognathus Notolepis-rissoi-rissoi Notoscopelus-resplendens Opisthonema-libertate Paralabrax-maculatofasciatus Paralabrax-nebulifer Pontinus-sierra Porichthys-notatus Sargocentron-suborbitalis Scorpaena-sierra Sebastes-atrovirens Sebastes-auriculatus Sebastes-aurora Sebastes-carnatus Sebastes-caurinus Sebastes-chlorostictus Sebastes-chrysomelas Sebastes-constellatus Sebastes-dallii Sebastes-diploproa Sebastes-elongatus Sebastes-entomelas Sebastes-goodei Sebastes-goodei Sebastes-hopkinsi Sebastes-jordani Sebastes-jordani Sebastes-levis Sebastes-macdonaldi Sebastes-melanops Sebastes-melanostomus Sebastes-miniatus Sebastes-nebulosus Sebastes-ovalis Sebastes-paucispinis Sebastes-paucispinus Sebastes-pinniger Sebastes-rastrelliger Sebastes-rosaceus Sebastes-rosenblatti Sebastes-ruberrimus Sebastes-rufus Sebastes-saxicola Sebastes-semicinctus Sebastes-serranoides Semicossyphus-pulcher Serranus-maculatofasciatus Stolephorus-compressus,77,"United States, Mexico",,,
3,North Sea,25,Alosa-pilchardus Ammodytes-lanceolatus Ammodytes-marinus Anarhichas-minor Anarhichas-steenstrupii Aphia-minuta Dipturus-batis Eutrigla-gurnardus Gobius-niger Lutjanus-norwegicus Melanogrammus-aeglefinus Merluccius-merluccius Merluccius-vulgaris Molva-byrkelange Myxine-glutinosa Pollachius-virens Raja-batis Sardina-pilchardus Solea-lutea Sprattus-sprattus-balticus Sprattus-sprattus Symphodus-melops Trigla-milvus Trisopterus-esmarkii Uranoscopus-micropterygius,27: IV,,,,
4,Europe,1,Pleuronectes-platessa,"27; 37: 1, 2, 3.1, 4",,,,
5,Europe,11,Hippocampus-vulgaris Liza-aurata Liza-auratus Liza-ramada Liza-ramado Liza-ramado Mugil-octoradiatus Mugil-ramado Scomber-germon Thunnus-alalunga Thunnus-pacificus,"27; 37: 1, 2, 3.1, 4",,,,
6,Europe,6,Alosa-fallax Alosa-finta-algeriensis Centropomus-mullus Dicentrarchus-labrax Dicentrarchus-lupus Morone-labrax ,"27; 37: 1, 2, 3.1, 4",,,,
7,Northeastern Atlantic,3,Ammodytes-tobiunus Gaidropsarus mediterraneus Gaidropsarus-mustellaris,27,,,,
8,Northeastern Atlantic,8,Anarhichas-lupus Anarhichas-vomerinus Anarhichas-vomerinus Ciliata-mustela Gaidropsarus-mustela Melanogrammus-aeglefinus Phycis-ranina Trisopterus-esmarkii,27,,,,
9,Northeastern Atlantic,5,Coryphaena-rupestris Coryphaenoides-rupestris Macrourus-stroemii Phycis-blennoides Phycis-tinca ,27,,,,
10,Northeastern Atlantic,3,Epigonus-telescopus Eutrigla-gurnardus Trigla-milvus,27,,,,
11,Northeastern Atlantic,1,Trachyrincus-scabrus,27,,,,
12,Northeastern Atlantic,1,Gaidropsarus-guttatus ,27,,,,
13,Northeastern Atlantic,1, Merlangius-merlangus,27,,,,
14,Eastern North Pacific,11,Sebastes-chlorostictus Sebastes-elongatus Sebastes-entomelas Sebastes-flavidus Sebastes-goodei Sebastes-miniatus Sebastes-paucispinis Sebastes-paucispinus Sebastes-pinniger Sebastes-rosaceus Sebastes-saxicola,67; 77,,,,
15,Eastern North Pacific,8,Sebastes-constellatus Sebastes-dallii Sebastes-hopkinsi Sebastes-levis Sebastes-rosenblatti Sebastes-rufus Sebastes-semicinctus Sebastes-serranoides,77,,,,
16,Mediterranean Sea,19,Ammodytes-terebrans Argentina-pennanti Boops-boops Carcharhinus-radamae Coris-julis Ctenolabrus-rupestris Hippocampus-vulgaris Maurolicus-muelleri Pagellus-bogaraveo Pagellus-centrodontus Pagellus-erythrinus Pagrus-pagrus Pagrus-vulgaris Salmo-muelleri Sarpa-salpa Scomber-scombrus Scomber-vulgaris Spicara-maena-maena Spicara-maena,"37: 1, 2, 3",,Salmo-muelleri,,
17,Eastern Atlantic,1,Ammodytes-immaculatus ,27; 34; 37,,,,
18,Eastern Atlantic,1,Dentex-canariensis,27; 34; 37,,,,
19,Eastern Atlantic,12,Coryphaena-perciformis Dentex-macrophthalmus Liza-saliens-furcata Liza-saliens Mugil-saliens Pagellus-acarne Pagellus-acerna Pagrus-acarne Raja-brachyura Scomber-sloanei Thunnus-albacares Thunnus-zacalles,27; 34; 37,,,,
20,Eastern Atlantic,1,Sardinella-maderensis,27; 34; 37,,,,
21,Eastern Atlantic,2,Glyptocephalus-cynoglossus Hyperoglyphe-perciformis,27; 34; 37,,,,
22,Switzerland,16,Coregonus-exigmas-albellus Coregonus-fatioi Coregonus-heglingus Coregonus-nobilis Coregonus-palaea Coregonus-restrictus-feritus Coregonus-schinzii-duplex Coregonus-schinzii-helveticus Coregonus-suidteri Coregonus-wartmanni-coeruleus Coregonus-zuerichensis Coregonus-zugensis Salmo-rhodanensis Salmo-wartmanni Salvelinus-neocomensis,0,,Coregonus-exigmas-albellus Coregonus-fatioi Coregonus-heglingus Coregonus-nobilis Coregonus-palaea Coregonus-restrictus-feritus Coregonus-schinzii-duplex Coregonus-schinzii-helveticus Coregonus-suidteri Coregonus-wartmanni-coeruleus Coregonus-zuerichensis Coregonus-zugensis Salmo-rhodanensis Salmo-wartmanni Salvelinus-neocomensis,,
23,Eastern Mediterranean,14,Boops-boops Dentex-macrophthalmus Diplodus-annularis Diplodus-sargus-sargus Diplodus-vulgaris Istiophorus-albicans Istiophorus-wrighti Makaira-velifera Pagellus-acarne Pagellus-acerna Pagrus-acarne Scarus-siganus Siganus-rivulatus Siganus-siganus,"37: 3.1, 3.2",,,,
24,Black Sea,11,Alosa-pilchardus Aphia-minuta Belone-belone Belone-vulgaris Boops-boops Boops-boops Diplodus-annularis Hemiramphus-obtusus Merlangius-merlangus Platichthys-flesus Sardina-pilchardus,"37: 4.1, 4.2, 4.3",,,,
25,North Atlantic,11,Carcharhinus-limbatus Carcharhinus-natator Coryphaenoides-berglax Cyclopterus-lumpus Lophius-piscatorius Macrourus-berglax Macrourus-fabricii Melanogrammus-aeglefinus Molva-molva Molva-vulgaris Sebastes-norvegicus,21; 27,,,,
26,Western Atlantic,11,Carcharhinus-leucas Carcharhinus-plumbeus Carcharhinus-signatus Carcharhinus-zambezensis Epinephelus-guttatus Lutjanus-purpureus Scomber-regalis Scomberomorus-regalis Serranus-stathouderi Squalus-platyodon Squalus-plumbeus,21; 31; 41,,,,
27,Western North Pacific,10,Istiophorus-audax Kajikia-audax Makaira-zelandica Mustelus-monazo Sebastes-inermis Sebastes-pachycephalus-pachycephalus Sebastes-schlegelii Sebastes-steindachneri Sebastes-taczanowskii Sebastes-vulpes,61,,,,
28,Bay of Biscay,9,Anchoviella-guineensis Engraulis-encrasicolus Merluccius-merluccius Merluccius-vulgaris Molva-byrkelange Pagellus-bogaraveo Pagellus-centrodontus Pollachius-pollachius Solea-lutea,27: VIII,,,,
29,East China Sea,9,Caranx-trachurus-japonicus Galeus-japanicus Harengula-nymphaea Pampus-echinogaster Sardinella-lemuru Sardinella-samarensis Trachurus-japonicus Trichiurus-lepturus Trichiurus-nitens,61,China,,,
30,Adriatic Sea,8,Aphia-minuta Boops-boops Lepidopus-caudatus Merluccius-merluccius Merluccius-vulgaris Molva-byrkelange Mullus-surmuletus Trichiurus-gladius,37: 2.1,,,,
31,Baltic Sea,8,Cyclopterus-lumpus Gobius-niger Limanda-limanda Myoxocephalus-quadricornis-relicta Myoxocephalus-quadricornis Pleuronectes-platessa Sprattus-sprattus-balticus Sprattus-sprattus,27: III,,,,
32,eastern Atlantic,1,Diplodus-senegalensis ,27; 34; 37,,,,
33,eastern Atlantic,2,Scorpaena-elongata  Pomadasys-incisus,27; 34; 37,,,,
34,eastern Atlantic,5,Makaira-nigricans Makaira-perezi Pagrus-pagrus Pagrus-vulgaris Umbrina-canariensis,27; 34; 37,,,,
35,Gulf of Mexico,8,Brevoortia-patronus Mustelus-norrisi Sardinella-aurita Sardinella-pinnula Scomber-thynnus Thunnus-thynnus Thunnus-vulgaris Xiphias-gladius,31,"United States, Mexico, Cuba",,,
36,Lake Constance,8,Coregonus-arenicolus Coregonus-gutturosus Coregonus-restrictus-nusslinii Coregonus-wartmanni-coeruleus Salmo-muraena-gutturosa Salmo-salvelinus-profundus Salmo-wartmanni Salvelinus-profundus,0,,Coregonus-arenicolus Coregonus-gutturosus Coregonus-restrictus-nusslinii Coregonus-wartmanni-coeruleus Salmo-muraena-gutturosa Salmo-salvelinus-profundus Salmo-wartmanni Salvelinus-profundus,,
37,Eastern Indian Ocean,7,Carcharhinus-amblyrhynchos Carcharhinus-amboinensis Carcharhinus-dussumieri Carcharhinus-maculipinnis Carcharhinus-pleurotaenia Carcharhinus-wheeleri Squalus-brevipinna,57,,,,
38,Eastern Pacific,7,Auxis-thazard Auxis-thazzard Istiophorus-audax Kajikia-audax Makaira-zelandica Scomber-thazard Sebastes-emphaeus,67; 77; 87,,,,
39,Elephant I.,7,Chaenocephalus-aceratus Champsocephalus-gunnari Gobionotothen-gibberifrons Lepidonotothen-nudifrons Notothenia-neglecta Notothenia-rossii Nototheniops-larseni,48.1,,,,
40,Indo-West Pacific,7,Carcharhinus-amblyrhynchos Carcharhinus-hemiodon Carcharhinus-sorrah Carcharhinus-spallanzani Carcharhinus-wheeleri Squalus-spallanzani Squalus-tygrinus,51; 57; 71,,,,
41,Northwestern Atlantic,1,Melanogrammus-aeglefinus ,21,,,,
42,Northwestern Atlantic,6,Carcharhinus-falciformis Carcharhinus-menissorrah Phycis-tenuis Sarda-sarda Scomber-sarda Urophycis-tenuis,21,,,,
43,Off East Africa,7,Aprion-virescens Euthynnus-affinis Lutjanus-lutjanus Lutjanus-monostigma Lutjanus-monostigmus Lutjanus-sanguineus Serranus-nouleny,51,,,,
44,East Africa,6,Centropomus-hober Lutjanus-fulviflamma Lutjanus-unimaculatus Scomber-maculosus Scomberomorus-commerson Scomberomorus-commersonii,51,,,,
45,eastern Atlantic and Mediterranean seas,6,Pagellus-erythrinus Pagrus-auriga Pagrus-caeruleostictus Pagrus-coerulostrictus Sarpa-salpa Sparus-aurata,27; 37; 34; 47,,,,
46,North West African coast,6,Boops-boops Pagellus-acarne Pagellus-acerna Pagrus-acarne Pagrus-caeruleostictus Pagrus-coerulostrictus,34,,,,
47,Sargasso Sea,6,Anguilla-rostrata Anguilla-vulgaris Anguilla-xanthomelas Diodon-nummularis Mola-mola Mola-rotunda,31,,,,
48,Atlantic,2,Boops-boops  Xiphias-gladius,21; 31; 41; 27; 34; 47,,,,
49,Atlantic,1,Trisopterus-luscus ,21; 31; 41; 27; 34; 47,,,,
50,Atlantic,2,Dentex-maroccanus Dentex-parvulus Xiphias-gladius,21; 31; 41; 27; 34; 47,,,,
51,British Isles,5,Lepidorhombus-whiffiagonis Micromesistius-poutassou Pagellus-bogaraveo Pagellus-centrodontus Spondyliosoma-cantharus,"27: IV, V, VI, VII",,,,
52,Caribbean Sea,5,Carcharhinus-springeri Merluccius-albidus Merluccius-magnoculus Tetrapturus-pfluegeri Xiphias-gladius,31,,,,
53,Eastern North Atlantic,5,Ammodytes-marinus Ammodytes-tobiunus Scyliorhinus-canicula Scyliorhinus-cannicula Squalus-elegans,27,,,,
54,North West African coast.,5,Pagellus-acarne Pagellus-acerna Pagrus-acarne Pagrus-caeruleostictus Pagrus-coerulostrictus,34,,,,
55,Northeast Atlantic,5,Gaidropsarus-macrophthalmus Glyptocephalus-cynoglossus Hippoglossoides-platessoides Microstomus-kitt Pollachius-pollachius,27,,,,
56,Northern hemisphere,5,Galeocerdo-cuvier Galeus-maculatus Squalus-cuvier Thunnus-obesus Thunnus-sibi,"21; 27; 31; 34; 37; 61; 67; 77; 87: 1.11, 1.12, 1.21, 1.22, 1.3; 41: 1.1",,,,
57,Red Sea,5,Lethrinus-lentjan Lethrinus-virescens Pseudobalistes-fuscus Serranus-squamipinnis Siganus-luridus,51.1,,,,
58,South Orkney Is.,5,Gobionotothen-gibberifrons Lepidonotothen-squamifrons Notothenia-neglecta Nototheniops-larseni Trisopterus-esmarkii,27: IV.a,,,,
59,southern Africa,5,Alosa-musica Merluccius-capensis Merluccius-merluccius-capensis Sardinops-caeruleus Sardinops-sagax,47; 51: 8,,,,
60,Southern hemisphere,5,Galeocerdo-cuvier Galeus-maculatus Squalus-cuvier Thunnus-obesus Thunnus-sibi,"71; 81; 87; 41; 47; 51; 57; 58; 48; 88; 87: 1.4, 1.13, 1.23, 1.14, 1.24, 1.15, 1.25, 2, 3; 41: 1.2, 1.4, 1.3, 2, 3",,,,
61,Western Indian Ocean,5,Carcharhinus-falciformis Carcharhinus-menissorrah Istiophorus-audax Kajikia-audax Makaira-zelandica,51,,,,
62,Western Mediterranean,5,Boops-boops Diplodus-vulgaris Pagellus-acarne Pagellus-acerna Pagrus-acarne,37: 1,,,,
63,Atlantic and Indian Oceans seamounts off southern part of Africa,2,Schedophilus-ovalis Seriolella-amplus,"47: B, C, D, 1.4, 1.5, 1.6, 2.1, 2.2; 51: 6, 7, 8",,,,
64,Atlantic and Indian Oceans seamounts off southern part of Africa,2,Hyperoglyphe-antarctica Hyperoglyphe-porosa Schedophilus-ovalis Seriolella-amplus,"47: B, C, D, 1.4, 1.5, 1.6, 2.1, 2.2; 51: 6, 7, 8",,,,
65,Austria,4,Coregonus-atterensis Coregonus-exiguus-danneri Coregonus-steindachneri Salmo-renke,0,,Coregonus-atterensis Coregonus-exiguus-danneri Coregonus-steindachneri Salmo-renke,,
66,"Bay of Biscay (Golfe de Gascogne, 1985-1990)",4,Caranx-trachurus Scomber-trachurus Trachurus-trachurus Trachurus-vulgaris,27: VIII,,,,
67,Cape Blanc,4,Dentex-macrophthalmus Pagellus-acarne Pagellus-acerna Pagrus-acarne,34: 1.32,Mauritania,,,
68,Curacao,4,Cephalopholis-cruentata Cephalopholis-cruentatus Epinephelus-cruentatus Serranus-nigriculus,31,"Curacao, Netherlands",,,
69,English Channel,4,Clupea-harengus-membras Clupea-harengus Serranus-cabrilla Serranus-knysnaensis,"27: VII.d, VII.e",,,,
70,"English Channel & North Sea, 1974",4,Caranx-trachurus Scomber-trachurus Trachurus-trachurus Trachurus-vulgaris,"27: IV, VII.d, VII.e",,,,
71,Galapagos Is.,4,Mycteroperca-olfax-ruberrima Serranus-olfax Sphyrna-zygaena Squalus-zygaena,87: 1.3,,,,
72,Gulf of Aden,4,Lethrinus-nebulosus Lethrinus-scoparius Lutjanus-lutjanus Serranus-nouleny,51: 3,"Yemen, Djibouti, Somalia",,,
73,"Indian Ocean, North Atlantic",4,Carcharhinus-macki Isurus-glaucus Prionace-glauca Squalus-glaucus,51; 57; 27; 21,,,,
74,Lower latitudes,4,Lutjanus-fulvus Lutjanus-kasmira Lutjanus-vaigiensis Serranus-limbatus,"31; 34; 37; 41: 1, 2; 51: 1, 2, 3, 4, 5, 6; 61; 71; 77; 81; 51; 57: 1, 2, 3, 5; 71; 77; 87: 1, 2",,,,
75,northeastern Atlantic and Mediterranean,4,Auxis-rochei Auxis-vulgaris Scomber-rochei Thunnus-rocheanus,"27; 37: 1, 2, 3",,,,
76,"Northeastern Atlantic, Mediterranean and Black Sea",4,Dasyatis-pastinaca Dasyatis-ujo Lophius-piscatorius Raja-pastinaca,27; 37,,,,
77,"Off West Africa, Laysan Island, off East Africa, European waters, eastern North Pacific, southern Australia, Californian waters.",4,Carcharhinus-cyrano Galeorhinus-galeus Galeus-zyopterus Squalus-rhinophanes,"27; 37; 34; 47; 77: United States, Mexico; 67; 57: 5.2, 6; 81: Australia",,,,
78,Off west coast of Africa,4,Caranx-trachurus Scomber-trachurus Trachurus-trachurus Trachurus-vulgaris,34; 47,,,,
79,Terre Adelie,4,Notothenia-neglecta Trematomus-bernachii Trematomus-hansoni-georgianus Trematomus-hansoni,58: 4.1,,,,
80,Tropical Indo-Pacific,4,Carcharhinus-melanopterus Carcharhinus-melanoptures Carcharhinus-melanoterus Squalus-carcharias-minor,51; 57; 71,,,,
81,Western North Atlantic,4,Mycteroperca-venenosa Negaprion-brevirostris Pollachius-virens Serranus-rupestris,21,,,,
82,Andaman Sea,3,Lutjanus-johnii Lutjanus-kasmira Serranus-pavoninus,57: 1,,,,
83,Around Rameswaram Island between India and Sri Lanka,3,Scomber-leopardus Scomberomorus-guttatus Scomberomorus-kuhlii,"57: 1 - Sri Lanka, 1 - India",,,,
84,Atlantic Iberian coast,3,Lophius-budegassa Lophius-piscatorius-budegassa Lophius-piscatorius,"27: IX.a, VIII.c",,,,
85,"Atlantic Ocean, 1959-1964",3,Scomber-sloanei Thunnus-albacares Thunnus-zacalles,21; 27; 31; 34; 41; 47,,,,
86,Bay of Bengal,3,Istiophorus-audax Kajikia-audax Makaira-zelandica,57: 1,,,,
87,"Bay of Biscay, 1994-95",3,Merluccius-merluccius Merluccius-vulgaris Molva-byrkelange,27: VIII,,,,
88,between Hawaii and Japan (Ref. 6885).,3,Scomber-germon Thunnus-alalunga Thunnus-pacificus,77: United States; 61: Japan,,,,
89,"British Isles, Mediterranean and Black sea",3,Belone-belone Belone-vulgaris Hemiramphus-obtusus,"27: IV, V, VI, VII; 37",,,,
90,Caribbean sea,3,Epinephelus-guttatus Epinephelus-lightfooti Serranus-stathouderi,31,,,,
91,Central Indo-West Pacific,3,Rastrelliger-brachysoma Rastrelliger-neglectus Scomber-neglectus,"51: 1, 2, 3, 4, 5, 6; 57: 1, 2, 3, 5.1; 71",,,,
92,Channel,3,Atherina-presbyter Microchirus-variegatus Solea-variegata,"27: VII.d, VII.e",,,,
93,Delaware Bay,3,Leucoraja-erinacea Raja-eglanteria Raja-erinaceus,21: 6.B,,,,
94,"Eastern Atlantic (West Mediterranean, off Strait of Gibraltar)",3,Scomber-thynnus Thunnus-thynnus Thunnus-vulgaris,27: IX.a; 37: 1.1; 34: 1.11,,,,
95,Eastern Atlantic and Mediterranean seas,3,Chromis-chromis Spicara-royeri Spicara-smaris,27; 37; 34; 47,,,,
96,eastern Atlantic and southwestern Mediterranean Sea,3,Dentex-cuninghamii Pagellus-bellottii Pagellus-coupei,27; 37: 1.1; 34; 47,,,,
97,Eastern Atlantic_,3,Scomber-sloanei Thunnus-albacares Thunnus-zacalles,27; 34; 47,,,,
98,Eastern Central Pacific,3,Atractoscion-nobilis Cynoscion-nobilis Cynoscion-parvipinnis,"77; 87: 1, 2",,,,
99,Eastern Gulf of Mexico,3,Sphyrna-tiburo Sphyrna-vespertina Squalus-tiburo,31,"United States, Cuba",,,
100,Ligurian Sea,3,Helicolenus-dactylopterus Scorpaena-dactyloptera Sebastes-maculatus,"37: 1.2, 1.3","France, Italy",,,
101,Macedonia,3,Salmo-aphelios Salmo-balcanicus Salmo-letnica-typicus,0,,Salmo-aphelios Salmo-balcanicus Salmo-letnica-typicus,,
102,Mediterranean coasts,3,Chelon-labrosus Liza-chelo Mugil-septentrionalis,"37: 1, 2, 3",,,,
103,north of 40째N,3,Argentina-pennanti Maurolicus-muelleri Salmo-muelleri,0,,Salmo-muelleri,,
104,North of the equator,3,Auxis-thazard Auxis-thazzard Scomber-thazard,21; 31; 34; 27; 37; 61; 71; 77; 51; 57,,,,
105,North Sea (northern) and Skagerrak,3,Merluccius-merluccius Merluccius-vulgaris Molva-byrkelange,"27: IV, III.a",,,,
106,North--West Atlantic: 3Ps,1,Limanda-ferruginea,21: 3.P.s,,,,
107,North--West Atlantic: 3Ps,2,Glyptocephalus-cynoglossus Hippoglossoides-platessoides Limanda-ferruginea,21: 3.P.s,,,,
108,Northeast Atlantic (south of 48째N),3,Helicolenus-dactylopterus Scorpaena-dactyloptera Sebastes-maculatus,27,,,,
109,Northeastern Caribbean,3,Lutjanus-analis Lutjanus-jocu Scomberomorus-cavalla,31,"Haiti, Puerto Rico, Virgin Islands of the United States, British Virgin Islands, Dominican Republic, Anguilla, Antigua and Barbuda",,,
110,Northeastern Indian Ocean between 10째S and 20째S,3,Istiophorus-audax Kajikia-audax Makaira-zelandica,"57: 1, 2, 5.1",,,,
111,Northwestern Mediterranean,3,Lutjanus-norwegicus Lutjanus-virescens Symphodus-melops,37: 1,,,,
112,"Off Florida, Atlantic coast",3,Sphyrna-tiburo Sphyrna-vespertina Squalus-tiburo,31,United States,,,
113,"Off Florida, South China Sea",3,Sphyrna-mokarran Sphyrna-mokorran Sphyrna-mukaran,"31: United States; 71: China, Vietnam, Philippines, Taiwan, Brunei, Malaysia, Indonesia, Singapore",,,,
114,Reykjanes and Mid-Atlantic ridge,3,Coryphaena-rupestris Coryphaenoides-rupestris Macrourus-stroemii,"27: V.a.1, XII.a; 21; 31; 34; 41; 47",Iceland,And Atlantic High seas,,
115,"Rockall Trough, 1992-93",3,Helicolenus-dactylopterus Scorpaena-dactyloptera Sebastes-maculatus,27: VI.b,,,,
116,South China Sea/Andaman Sea,3,Pristipomoides-multidens Pristipomoides-sparus Pristipomoides-typus,"71: China, Vietnam, Philippines, Taiwan, Brunei, Malaysia, Indonesia, Singapore; 57: 1",,,,
117,Southeast Arabian Sea,3,Scomber-maculosus Scomberomorus-commerson Scomberomorus-commersonii,"51: 3, 4, 5",,,,
118,Southeastern Mediterranean,3,Epinephelus-aeneus Epinephelus-aenus Serranus-aeneus,37: 3.2,,,,
120,Southern Indian Ocean,3,Auxis-thazard Auxis-thazzard Scomber-thazard,"51: 6, 7, 8; 57: 4, 5.2, 6, 3",,,,
122,Southwestern Indian Ocean (1),3,Carcharhinus-amboinensis Carcharhinus-brachyurus Carcharhinus-rochensis,"51: 6, 7, 8",,,,
123,Southwestern Indian Ocean (2),3,Carcharhinus-amboinensis Carcharhinus-brachyurus Carcharhinus-rochensis,"51: 6, 7, 8",,,,
126,"Arctic and boreal Atlantic, North Atlantic (Gulf of maine and North Sea), off South Africa deepwater, off Kerguelen Island",2,Somniosus-microcephalus Squalus-norvegianus,"21:5, 4.X; 27: IV, I, II, III, XIV, V; 58: 5.1",,,,
127,Arctic Seas,2,Myoxocephalus-quadricornis-relicta Myoxocephalus-quadricornis,"18: Alaska, Canada, Greenland; 27: Norway, Sweden, Finland, Russia, Denmark, Greenland, Iceland",,,,
129,Atlantic South America,1,Carcharhinus-oxyrhynchus,41,,,,
130,Atlantic South America,1,Mustelus-schmitti,41,,,,
131,Baltic Sea (open part),2,Sprattus-sprattus-balticus Sprattus-sprattus,27: III,,,,
132,Barents & Norwegian Seas,2,Melanogrammus-aeglefinus Sebastes-mentella,27: I,,,,
133,Barents Sea,2,Gadus-morhua Limanda-limanda,27: I,,,,
134,"Bornholm, Stolpe, and Gulf of Gdansk area",2,Sprattus-sprattus-balticus Sprattus-sprattus,27: I,,,,
135,British Isles (West stock),2,Scomber-scombrus Scomber-vulgaris,"27: IV, V, VI, VII",,,,
136,Caribbean,2,Epinephelus-striatus Serranus-striatus,31,,,,
137,"Carribean, South America",2,Rhizoprionodon-porosus Squalus-porosus,31; 41,,,,
138,Caspian Sea,2,Clupeonella-engrauliformis Harengula-macrophthalma,0,,Clupeonella-engrauliformis Harengula-macrophthalma,,
139,Central Europe,2,Acipenser-ruthenus Molva-maculosa,0,,Acipenser-ruthenus Molva-maculosa,,
140,"Central Pacific, western North Atlantic, Southwestern Indian Ocean",2,Carcharhinus-longimanus Squalus-longimanus,"21; 71; 77; 87: 1, 2; 51: 6, 7, 8",,,,
141,Channel (western part),2,Pegusa-lascaris Solea-vermeuleni,27: VII.e,,,,
143,"East China Sea, Gulf of Mannar, off eastern Cape of South Africa",2,Sphyrna-zygaena Squalus-zygaena,"51: South Africa; 47: South Africa; 57: 1 - Sri Lanka, 1 - India; 61: China",,South Africa in 51.8 and 47.2,,
144,Eastern and central Pacific,2,Carcharhinus-falciformis Carcharhinus-menissorrah,"77; 87: 1, 2; 81; 71; 61",,,,
145,Eastern and western Atlantic,2,Euthynnus-alletteratus Scomber-quadripunctatus,31; 41;  34; 47; 27; 21,,,,
146,eastern Atlantic and Mediterranean Sea,2,Diplodus-cervinus-cervinus Diplodus-trifasciatus,"34; 47; 37: 1, 2, 3; 27;",,,,
147,"Eastern Atlantic continental shelf, Mediterranean",2,Scyliorhinus-stellaris Squalus-stellaris,"34; 47; 37: 1, 2, 3; 27;",,,,
148,"Eastern North Pacific and western North Atlantic, off southern coast of Natal",2,Carcharhinus-obscurus Squalus-obscurus,67; 21,,,,
150,European and North African continental shelves,2,Squalus-squatina Squatina-squatina,37; 34; 27,,,,
151,Gotland Deep and northern Baltic proper,2,Sprattus-sprattus-balticus Sprattus-sprattus,27: III,,,,
153,"Gulf of St. Lawrence, 1970-72",2,Clupea-harengus-membras Clupea-harengus,"21: 4.T, 4.S, 4.R",,,,
156,Indian waters,2,Echinorhinus-brucus Squalus-spinosus,51; 57,,,,
158,"Kattegat and Skagerrak (Denmark, Norway and Sweden)",2,Scomber-scombrus Scomber-vulgaris,27: III.a,,,,
159,Lake Ohrid,2,Salmo-balcanicus Salmo-lumi,0,,Salmo-balcanicus Salmo-lumi,,
160,Lake Superior,2,Coregonus-quadrilateralis Salmo-quadrilateralis,0,,Coregonus-quadrilateralis Salmo-quadrilateralis,,
161,Madeira Is.,2,Promethichthys-prometheus Tetrapturus-pfluegeri,34: 1.2,,,,
162,Mediterannean,2,Microchirus-variegatus Solea-variegata,"37: 1, 2, 3",,,,
163,Mediterranean and eastern Atlantic,2,Anthias-anthias Serranus-anthias,"27; 37: 1, 2, 3; 34; 47",,,,
164,Mediterrannean and off Morocco,2,Sarda-sarda Scomber-sarda,"37: 1, 2, 3; 34: 1.11, 1.12, 1.31",,,,
165,Mekong mainstream,2,Barbonymus-gonionotus Lutjanus-scandens,0,,Barbonymus-gonionotus Lutjanus-scandens,,
166,Michigan and Huron Lakes,2,Coregonus-quadrilateralis Salmo-quadrilateralis,0,,Coregonus-quadrilateralis Salmo-quadrilateralis,,
167,Mongolia,2,Salmo-taimen Salvelinus-taimen,0,,Salmo-taimen Salvelinus-taimen,,
168,"NE Atlantic, 1976",2,Scomber-scombrus Scomber-vulgaris,27,,,,
169,North Arabian Gulf,2,Lethrinus-nebulosus Lethrinus-scoparius,"51: 3, 4, 5",,,,
170,North Atlantic and Mediterranean,2,Lepidorhombus-boscii Lepidorhombus-whiffiagonis,"27; 37: 1, 2, 3",,,,
172,"North Atlantic, off the Atlantic coast of Europe and the British Isles, off North America",2,Lamna-nasus Squalus-selanonus,"21; 31; 27: IV, V, VI, VII, X, IX, VIII, XII, XIV",,,,
173,North Sea and Mediterranean,2,Mullus-barbatus-barbatus Mullus-ruber,37; 27: IV,,,,
174,North Sea Southern Bight & Eastern English Channel,2,Clupea-harengus-membras Clupea-harengus,"27: VII.d, IV.c",,,,
175,"North Sea, 1991",2,Solea-solea Solea-vulgaris-vulgaris,27: IV,,,,
176,"North Sea, Skagerrak and Kattegat (East stock)",2,Scomber-scombrus Scomber-vulgaris,"27: IV, III.a",,,,
177,North--West Atlantic: 3LNO,2,Hippoglossoides-platessoides Limanda-ferruginea,"21: 3.L, 3.N, 3.O",,,,
178,Northeast Atlantic and Mediterranean,2,Chelidonichthys-cuculus Trigla-pini,"27; 37: 1, 2, 3",,,,
179,Northeastern Indian Ocean south of Java (between 7째S and 20째S),2,Thunnus-maccoyii Thunnus-thynnus-maccoyii,"57: 1, 2, 3, 5.1",,,,
180,Northern Adriatic,2,Diplodus-annularis Pagellus-erythrinus,37: 2.1,,,,
181,Northern Europe and Mediterranean,2,Anchoviella-guineensis Engraulis-encrasicolus,27; 37; 34,,,,
182,Northern Indian Ocean,2,Carcharhinus-amblyrhynchos Carcharhinus-wheeleri,"51: 3, 4, 5; 57: 1, 2, 3, 5.1",,,,
183,Northern Red Sea,2,Lethrinus-nebulosus Lethrinus-scoparius,51.1,,,,
184,Northwestern Gulf of Mexico,2,Carcharhinus-falciformis Carcharhinus-menissorrah,31,"United States, Mexico",,,
185,Northwestern Indian Ocean,2,Carcharhinus-albimarginatus Carcharhinus-platyrhynchus,"51: 3, 4, 5",,,,
186,"NW Atlantic Stock, 1940s",2,Squalus-acanthias Squalus-whitleyi,27,,,,
187,"NW Atlantic stock, 1961",2,Squalus-acanthias Squalus-whitleyi,27,,,,
188,"NW Atlantic, 1970-78",2,Squalus-acanthias Squalus-whitleyi,27,,,,
189,"NW Atlantic, 1977",2,Scomber-scombrus Scomber-vulgaris,27,,,,
190,"NW Atlantic, 1980-81",2,Squalus-acanthias Squalus-whitleyi,27,,,,
191,"NW Atlantic, 1983-84",2,Scomber-scombrus Scomber-vulgaris,27,,,,
192,"off Florida, Caribbean",2,Ginglymostoma-cirratum Squalus-punctulatus,31,United States,,,
193,Off African coasts of Mediterranean,2,Alosa-pilchardus Sardina-pilchardus,"37: 1.1, 1.3, 2.2, 3.2","Morocco, Algeria, Libya, Tunisia, Egypt",,,
194,Off European coasts of Mediterranean,2,Alosa-pilchardus Sardina-pilchardus,"37: 1, 2, 3.1","Spain, France, Italy, Croatia, Slovenia, Bosnia and Herzegovina, Montenegro, Albania, Greece, Turkey",,,
195,Off north African coast,2,Lepidopus-caudatus Trichiurus-gladius,"34; 37: 1.1, 1.3, 2.2, 3.2",,,,
196,"Off southern England, northern France and in the North Sea",2,Scomber-scombrus Scomber-vulgaris,"27: IV, VII.d, VII.e",,,,
197,"Off the Atlantic seaboard of North America, off the eastern North Pacific, off the British Isles",2,Cetorhinus-maximus Squalus-rostratus,"21; 31; 67; 27: IV, V, VI, VII",,,,
198,off the coast of North Africa,2,Katsuwonus-pelamis Scomber-pelamys,"34; 37: 1.1, 1.3, 2.2, 3.2",,,,
199,off West Africa,2,Squalus-blainville Squalus-blainvillei,34; 47,,,,
201,South China Sea,2,Istiompax-indica Makaira-xantholineata,71,"Vietnam, Philippines, Taiwan, Brunei, Malaysia, Indonesia, Singapore",,,
202,South Shetland,2,Chionodraco-rastrospinosus Trisopterus-esmarkii,48.1,Antarctica,,,
203,southeastern part of North Sea,2,Anchoviella-guineensis Engraulis-encrasicolus,27: IV.c,,,,
206,"Southern North Sea, Skagerrak, Kattegat",2,Solea-solea Solea-vulgaris-vulgaris,"27: IV.c, III.a",,,,
207,southern part of range,2,Coregonus-quadrilateralis Salmo-quadrilateralis,0,,Coregonus-quadrilateralis Salmo-quadrilateralis,,
208,Southestern Indian Ocean,2,Carcharhinus-maculipinnis Squalus-brevipinna,"57: 4, 5.2, 6, 3",,,,
209,southwest Atlantic (1998-2003),2,Bathyraja-albomaculata Raja-albomaculata,87; 41,,,,
210,Southwest Pacific,2,Lamna-nasus Squalus-selanonus,81,,,,
211,Southwestern Gulf of Mexico,2,Carcharhinus-falciformis Carcharhinus-menissorrah,31,Mexico,,,
212,Southwestern Indian Ocean,2,Carcharhinus-albimarginatus Carcharhinus-platyrhynchus,"51: 6, 7, 8",,,,
213,Southwestern Pacific,2,Carcharhinus-falciformis Carcharhinus-menissorrah,81,,,,
214,Spanish and Portueguese coast,2,Alosa-pilchardus Sardina-pilchardus,"27: Spain, Portugal; 37: Spain",,,,
215,subtropical and tropical waters of the Pacific and Indian oceans,2,Istiompax-indica Makaira-xantholineata,51; 57; 81; 71; 77; 61; 87,,,,
216,"W. Europe, 1986",2,Scomber-scombrus Scomber-vulgaris,27,,,,
217,Western and southwestern Baltic,2,Clupea-harengus-membras Clupea-harengus,27: III,,,,
219,western Mediterranean,2,Diplodus-sargus-sargus Labrus-merula,37: 1,,,,
221,White Sea,2,Boreogadus-saida Gadus-morhua,27: I,,,,
222,Aegean Sea,1,Dentex-macrophthalmus,37: 3.1,,,,
223,Anadyr River,1,Molva-maculosa,0,,Molva-maculosa,,
224,Arctic,1,Reinhardtius-hippoglossoides,"18: Alaska, Canada, Greenland; 27: Norway, Sweden, Finland, Russia, Greenland, Denmark, Iceland",,,,
225,Arctic Sea,1,Boreogadus-saida,"18: Alaska, Canada, Greenland; 27: Norway, Sweden, Finland, Russia, Greenland, Denmark, Iceland",,,,
227,Arkona and Bornholm basin,1,Platichthys-flesus,"27: III.d.24, III.d.25",,,,
228,Arkona-Bornholm deeps,1,Pleuronectes-platessa,"27: III.d.24, III.d.25",,,,
229,"Atlantic continental slope, off British Isles",1,Oxynotus-paradoxus,"27: IV, V, VI, VII",,,,
230,Atlantic South American continental shelf,1,Mustelus-striatus,41,,,,
231,Australian contiental shelf,1,Pristiophorus-owenii,57: Australia; 71: Australia; 81:Australia,,,,
232,"Barent Sea, 1977-88",1,Pleuronectes-platessa,27: I,,,,
233,"Barents & Norwegian Seas, 1992",1,Sebastes-mentella,"27: I, II",,,,
234,Bering Sea,1,Theragra-chalcogramma,61: Russia; 67: United States,,,,
235,Between British Isles and Bay of Biscay,1,Merlangius-merlangus,"27: VIII, IV, V, VI, VII",,,,
236,Black Sea,1,Boops-boops,"37: 4.1, 4.2, 4.3",,,,
237,Black Sea 1,1,Diplodus-annularis,"37: 4.1, 4.2, 4.3",,,,
238,Black Sea 2,1,Diplodus-annularis,"37: 4.1, 4.2, 4.3",,,,
239,Black Sea 3,1,Diplodus-annularis,"37: 4.1, 4.2, 4.3",,,,
240,Black Sea 4,1,Diplodus-annularis,"37: 4.1, 4.2, 4.3",,,,
241,Black Sea.,1,Boops-boops,"37: 4.1, 4.2, 4.3",,,,
243,"British Isles (north, west and south)",1,Lophius-piscatorius,"27: V, VI, VII",,,,
244,Burkina Faso,1,Centropomus-niloticus,0,,Centropomus-niloticus,,
245,California Curernt Region,1,Sebastes-crameri,77,"United States, Mexico",,,
246,"Canada (from at least 56째N) to Florida, USA",1,Phycis-chesteri,"21: 2.H, 2.J, 1.F, 3, 4, 5, 6; 31: United States",,,,
253,Chad,1,Centropomus-niloticus,0,,Centropomus-niloticus,,
254,Continental and insular slopes of the Bahamas region,1,Pristiophorus-schroederi,31,"Bahamas, United States",,,
257,Czechia,1,Salmo-hucho,0,,Salmo-hucho,,
258,Danube drainage,1,Salmo-hucho,0,,Salmo-hucho,,
259,E. Bering Sea,1,Theragra-chalcogramma,61,Russia,,,
260,East Pacific,1,Hippocampus-ingens,67; 77; 87,,,,
261,Eastern Atlantic and western Mediterranean,1,Diplodus-annularis,47; 34; 27; 37: 1,,,,
262,Eastern Atlantic continental slope,1,Scymnodon-ringens,27; 34; 47,,,,
263,Eastern Atlantic continental slopes,1,Galeus-murinus,27; 34; 47,,,,
264,Eastern Bering Sea,1,Limanda-aspera,61,Russia,,,
265,Eastern Channel,1,Pleuronectes-platessa,"27: VII.d, VII.e",,,,
266,eastern Mediterranean,1,Sargocentron-rubrum,37: 3,,,,
267,Eastern part at north end of Caspian,1,Alosa-sphaerocephala,0,,Alosa-sphaerocephala,,
268,English Channel and North Sea,1,Ctenolabrus-rupestris,"27: VII.d, VII.e, IV",,,,
270,Europe and northeast America,1,Petromyzon-marinus,"27; 37: 1, 2, 3.1, 4; 21",,,,
271,"Europe: Italy, Tunisia",1,Alosa-fallax,"37: 1.3, 2.2, 2.1","Italy, Tunisia",,,
272,Florida Straits-Bahamas region,1,Scyliorhinus-torrei,31,"United States, Bahamas",,,
274,Great Barrier Reef,1,Squalus-oculatus Lutjanus-malabaricus Lutjanus-erythropterus,71,Australia,,,
278,Indian Ocean,1,Euthynnus-affinis,51; 57,,,,
279,"Indian Ocean, Western Pacific, Eastern Pacific, Gulf of Mexico, Caribbean",1,Rhincodon-typus,51; 57; 81; 71; 61; 77; 87; 37; 31,,,,
280,"Indo-West Pacific, Eastern Pacific",1,Sphyrna-lewini,51; 57; 71; 77; 87,,,,
281,insular slope of Madeira and Japan,1,Deania-hystricosa,27: Madeira; 61: Japan,,,,
282,insular slopes of New Caledonia,1,Squalus-melanurus,71,New Caledonia,,,
283,insular slopes of New Hebrides,1,Squalus-rancureli,71,Vanuatu,,,
284,insular slopes of the Hawaiian Islands,1,Etmopterus-villosus,77,United States,,,
286,"Israel, Lebanon, and Mediterranean coast of Sinai",1,Pelates-quadrilineatus,37: 3.2,"Israel, Lebanon, Egypt",,,
287,"Italy, Switzerland",1,Alosa-lacustrus-benacensis,0,,Alosa-lacustrus-benacensis,,
289,Lake Geneva,1,Coregonus-schinzii,0,,Coregonus-schinzii,,
290,"Lake Ohrid (Albania, Macedonia)",1,Salmo-ohridanus,0,,Salmo-ohridanus,,
291,Lake Prespa,1,Salmo-peristericus,0,,Salmo-peristericus,,
292,Laos,1,Otolithoides-aeneocorpus,0,,Otolithoides-aeneocorpus,,
293,Makassar Straits,1,Scyliorhinus-sibogae,71,Indonesia,,,
294,Marquesas Is.,1,Sardinella-marquesensis,77,French Polynesia,,,
295,Mediterranean and Black Sea,1,Gaidropsarus-mustellaris,37,,,,
296,Mediterranean and the Black Sea,1,Umbrina-cirrosa,37,,,,
297,Mediterranean and west coast of Africa,1,Dentex-macrophthalmus,37; 34; 37,,,,
298,"Moraca and Neretva drainages (Bosnia-Herzegovina, Montenegro)",1,Salmo-zetensis,0,,Salmo-zetensis,,
299,"N. Europe, 1968-69",1,Micromesistius-poutassou,"27: VII, VI, IV, V, III, I, II",,,,
300,"N. North Sea, 1964-1965",1,Merlangius-merlangus,27: IV,,,,
301,"N. North Sea, 1976-79",1,Melanogrammus-aeglefinus,27: IV,,,,
302,"NE Arctic, 1968-71",1,Melanogrammus-aeglefinus,27,"Norway, Sweden, Finland, Russia, Iceland",,,
303,North Adriatic,1,Pagellus-erythrinus,37: 2.1,,,,
304,North African coasts,1,Lutjanus-lapina,"37: 1.1, 1.3, 2.2, 3.2; 34:1",,,,
305,"North Atlantic, English Channel area, Mediterranean and Black seas, Adriatic Sea",1,Mullus-surmuletus,"27: VII.d, VII.e, IV; 37: 2.1",,,,
306,north of Cape Verde,1,Sarpa-salpa,34,,,,
308,North sea,1,Labrus-bergylta,27: IV,,,,
309,North Sea (southern) and Channel,1,Trisopterus-minutus,"27: IV.c, VII.d, VII.e",,,,
310,North Sea and Mediterranean Sea,1,Arnoglossus-laterna,"27: IV; 37: 1, 2, 3",,,,
311,"North Sea, 1977-80",1,Pleuronectes-platessa,27: IV,,,,
312,North--West Atlantic: 3L,1,Glyptocephalus-cynoglossus,21: 3.L,,,,
313,North--West Atlantic: 3NO,1,Glyptocephalus-cynoglossus,"21: 3.N, 3.O",,,,
314,Northeast Pacific,1,Sebastes-entomelas,67,,,,
315,northeastern Atlantic,1,Ammodytes-semisquamatus,27,,,,
316,Northeastern Atlantic and Mediterranean,1,Raja-melitensis,"27; 37: 1, 2, 3",,,,
317,Northeastern Caribbean Sea,1,Lutjanus-mahogoni,31,"Haiti, Puerto Rico, Virgin Islands of the United States, British Virgin Islands, Dominican Republic, Anguilla, Antigua and Barbuda",,,
318,Northeastern Indian Ocean,1,Carcharhinus-cautus,"57: 1, 2, 3, 5.1",,,,
319,Northeastern Pacific,1,Merluccius-productus,67,,,,
320,Northern and Arctic Sea,1,Boreogadus-saida,"18: Alaska, Canada, Greenland, Russia; 27: United Kingdom, Germany, Netherlands, Belgium, France, Norway, Sweden, Finland, Russia, Denmark, Greenland, Iceland",,,,
321,Northern Baltic,1,Coregonus-widegreni,27: III,,,,
322,Northern Caspian,1,Alosa-saposhnikovi,0,,Alosa-saposhnikovi,,
323,Northern North Sea,1,Melanogrammus-aeglefinus,27: IV.a,,,,
324,northern part of its range,1,Spondyliosoma-cantharus,27: IV.a,,,,
325,Northwestern Indian Ocean.,1,Scyliorhinus-quagga,"51: 3, 4, 5",,,,
326,northwestern Mediterranean,1,Lutjanus-mediterraneus,"37: 1.1, 1.2, 1.3","Spain, France, Italy",,,
327,Norway,1,Ctenolabrus-rupestris,27,Norway,,,
330,"NW Atlantic,",1,Reinhardtius-hippoglossoides,21,,,,
331,off Argentina,1,Etmopterus-gracilispinis,"41: 1, 2, 3.1",Argentina,,,
332,"off Hainan Island, China",1,Etmopterus-decacuspidatus,61,China,,,
333,Off Japan and Taiwan Island,1,Scyliorhinus-macrorhynchus,61,"Japan, Taiwan",,,
334,Off Kola Peninsula,1,Platichthys-flesus,27: I,Russia,,,
335,"Off Natal and southern Mozambique, Cape of Good Hope and Tanzania (Zanzibar)",1,Scyliorhinus-polystigma,"51: 5, 6, 8","South Africa, Mozambique, Tanzania",,,
336,"off Natal, South Africa",1,Etmopterus-sp.,51: 8,South Africa,,,
337,Off northern Mozambique,1,Scyliorhinus-sufflans,51: 6,Mozambique,,,
338,"Off northwestern Borneo, off Taiwan Island, off Borneo",1,Carcharhinus-dussumieri,71; 77,"Indonesia, Taiwan",,,
339,Off the coast of East Africa,1,Diagramma-pictum,51,,,,
340,Off tropical West Africa,1,Scyliorhinus-cervigoni,"34: 3, 4",,,,
341,Pacific South American continental shelf,1,Mustelus-whitneyi,87,,,,
342,Patagonian region,1,Lycodes-variegatus,87: 3,Chile,,,
343,Polar,1,Notothenia-coriiceps,48; 58; 88,,,,
344,"Polar, Arctic, pelagic eggs.",1,Limanda-limanda,"27: Norway, Sweden, Finland, Russia, Denmark, Greenland, Iceland; 21: United States, Canada, Greenland",,,,
345,"Porcupine Bank, Northeast Atlantic (2002)",1,Hoplostethus-atlanticus,27: VII.c,,,,
346,Queen Charlotte Sound,1,Sebastes-alutus,81,New Zealand,,,
347,Rockall Trough,1,Coryphaenoides-ingolfi,27: VI.b,,,,
348,"S. North Sea, 1961-62",1,Ammodytes-marinus,27: IV.a,,,,
349,"S. North Sea, 1966",1,Merlangius-merlangus,27: IV.a,,,,
350,Seamounts off southern part of Africa,1,Ariomma-indicum,"51: 8, 7, 6",,,,
351,"Shetland, 1985-87",1,Ammodytes-marinus,27: IV.a,United Kingdom,,,
352,South America.,1,Bythaelurus-canescens,87,,,,
353,South American continental shelf,1,Mustelus-nigromaculatus,87,,,,
354,South American continentals shelf,1,Mustelus-higmani,31; 41,,,,
355,south coasts of Mediterranean,1,Thalassoma-pavo,"37: 1.1, 1.3, 2.2, 3.2","Morocco, Algeria, Libya, Tunisia, Egypt, Israel",,,
357,South Pacific,1,Carcharhinus-cautus,81; 87,,,,
358,South West African coast,1,Dentex-macrophthalmus,47,,,,
359,"South-west Indian Ocean seamounts (600-1000 m depths), 2001",1,Pseudopentaceros-richardsoni,"51: 8, 7",,,,
360,southeastern Indian Ocean,1,Etmopterus-sentosus,"51: 5, 6, 8",,,,
363,southern Europe,1,Gaidropsarus-vulgaris,"27: IX, VIII.c; 37: 1, 2, 3",,,,
364,Southern Mediterranean,1,Dentex-macrophthalmus,"37: 1.1, 1.3, 2.2, 3.2","Morocco, Algeria, Libya, Tunisia, Egypt, Israel",,,
365,Southern North Sea,1,Platichthys-flesus,27: IV.a,,,,
367,southwestern Mediterranean,1,Lutjanus-mediterraneus,"37: 1.1, 1.3","Morocco, Algeria",,,
369,Strong-current habitats of rivers and streams.,1,Petromyzon-marinus,0,,Petromyzon-marinus,,
370,"SW Atlantic (Malvinas Islands), 1996",1,Sprattus-fuegensis,"41: 3.1, 3.2","Falkland Islands, United Kingdom",,,
371,"SW Baltic, 1993-95",1,Platichthys-flesus,27: III,,,,
376,tropical West Africa,1,Pseudotolithus-senegalensis,"34: 3, 4",,,,
377,Tropical West Africa,1,Sphyrna-couardi,"34: 3, 4",,,,
378,tropical West African waters,1,Zenopsis-conchifer,"34: 3, 4",,,,
381,West coast of USA and Canada,1,Eopsetta-jordani,"77: United States; 67: Canada, Alaska",,,,
382,"west Indian submarine ridge, 1980-92",1,Plagiogeneion-rubiginosum,"51: 5, 4",,,,
384,Western and Eastern Atlantic,1,Brosme-brosme,21; 27; 31,,,,
385,Western Atlantic continental slopes,1,Etmopterus-bullisi,31; 41; 21,,,,
386,"Western Atlantic continental slopes, eastern North Atlantic",1,Apristurus-profundorum,31; 41; 21; 27,,,,
387,"Western Atlantic, central Pacific",1,Isurus-paucus,31; 41; 21; 77; 71,,,,
388,Western Baltic: Danish Straits and Arkona Basin,1,Gadus-morhua,27: III,,,,
389,Western central Atlantic bet. Chesapeake Bay and Amazon River,1,Macrodon-ancylodon,0,,Macrodon-ancylodon,,
392,Western Pacific,1,Squalus-maculatus,81; 71; 61,,,,
395,Western South America,1,Scyliorhinus-retifer-haeckelii,"87: 3, 2",,,,
396,Western south Atlantic,1,Squatina-argentina,41,,,,
397,Western South Pacific,1,Xiphias-gladius,81,,,,
398,Indian Sea,1,Congresox-talabonoides Muraenesox-talabonoides,51; 57,,,,
399,North Eastern Atlantic,1,Centrolophus-niger,27,,,,
400,California Current region,68,Anchoviella-compressa Argentina-pretiosa Argentina-sialis Bathylagus-microcephalus Bathylagus-ochotensis Bathylagus-pacificus Bathylagus-stilbius-stilbius Bathylagus-wesethy Coryphaenoides-pectoralis Coryphaenoides-simulus Cypselurus-hubbsi Fistularia-commersonii Fistularia-corneta Girella-nigricans Hemiramphus-cuspidatus Hexagrammos-decagrammus Hydrolagus-colliei Hydrolagus-media Hypomesus-pretiosus Lepidion-verecundum Myripristis-leiognathus Notolepis-rissoi-rissoi Notoscopelus-resplendens Opisthonema-libertate Paralabrax-maculatofasciatus Paralabrax-nebulifer Pontinus-sierra Porichthys-notatus Sargocentron-suborbitalis Scorpaena-sierra Sebastes-atrovirens Sebastes-auriculatus Sebastes-aurora Sebastes-carnatus Sebastes-caurinus Sebastes-chlorostictus Sebastes-chrysomelas Sebastes-constellatus Sebastes-dallii Sebastes-diploproa Sebastes-elongatus Sebastes-entomelas Sebastes-goodei Sebastes-goodei Sebastes-hopkinsi Sebastes-jordani Sebastes-jordani Sebastes-levis Sebastes-macdonaldi Sebastes-melanops Sebastes-melanostomus Sebastes-miniatus Sebastes-nebulosus Sebastes-ovalis Sebastes-paucispinis Sebastes-paucispinus Sebastes-pinniger Sebastes-rastrelliger Sebastes-rosaceus Sebastes-rosenblatti Sebastes-ruberrimus Sebastes-rufus Sebastes-saxicola Sebastes-semicinctus Sebastes-serranoides Semicossyphus-pulcher Serranus-maculatofasciatus Stolephorus-compressus,77,"United States, Mexico",,,